state_number,crop_name,RMS_RandomForest,RandomForest,RMS_LinearRegression,LinearRegression
96,RiceYD,470.3099611,2360.1905,510.2146912,2286.702731
96,WheatYD,1408.626641,199.6666667,1688.665154,-586.8324777
96,KharifSorghumYD,0,0,0,0
96,RabiSorghumYD,0,0,0,0
96,PEARL_MILLET_YIELD,0,0,0,0
96,MAIZE_YIELD,1466.959716,940,884.2891818,2186.164412
96,FINGER_MILLET_YIELD,263.8509528,739.2224,182.7432936,663.7742862
96,BARLEY YIELD,0,0,0,0
96,CHICKPEA_YIELD,182.602442,978.3839,319.6808333,752.4011309
96,PIGEONPEA_YIELD,206.7435254,583.5549,473.9462971,1031.769039
96,MINOR PULSES AREA (1000 ha),1.522927322,11.6476,1.079842614,11.17983248
96,MINOR_PULSES_PRODUCTION,0.818306905,7.3089,1.208504221,7.87964045
96,MINOR_PULSES_YIELD,58.29620652,594.5032,81.03660824,745.4256339
96,GROUNDNUT_YIELD,404.730824,1305.15,456.456123,2462.802964
96,SESAMUM_YIELD,233.5624931,314.4736,228.1976546,296.1170859
96,RAPESEEDandMUSTARD_YIELD,308.6289272,0,326.2498053,-18.91983879
96,SAFFLOWER_YIELD,0,0,0,0
96,CASTOR_YIELD,0,0,0,0
96,LINSEED_YIELD,0,0,0,0
96,SUNFLOWER_YIELD,419.8377726,72.00036,424.8895329,66.667
96,SOYABEAN_YIELD,0,0,0,0
96,OILSEEDS_YIELD,353.9839403,434.8806,383.2110206,421.940473
96,SUGARCANE_YIELD,0,0,0,0
96,COTTON_YIELD,0,0,0,0
96,FRUITS_AREA,4.550000036,1.064565833,5.241828415,6.45199332
96,VEGETABLES_AREA,0.900697915,0.200518333,3.434220309,5.82154435
96,FRUITSandVEGETABLES_AREA,5.49455315,1.2047475,6.873681854,8.11449081
96,POTATOES_AREA ,0,0,0,0
96,ONION_AREA,0,0,0,0
96,FODDER_AREA,0,0,0,0
97,RiceYD,249.5623834,2582.7804,308.5500827,2534.566797
97,WheatYD,577.3502692,0,577.3502692,0
97,KharifSorghumYD,0,0,0,0
97,RabiSorghumYD,0,0,0,0
97,PEARL_MILLET_YIELD,0,0,0,0
97,MAIZE_YIELD,1617,1617,1443.289994,1443.289994
97,FINGER_MILLET_YIELD,100.1616838,845.8276,121.7620564,914.8936924
97,BARLEY YIELD,0,0,0,0
97,CHICKPEA_YIELD,422.093213,401.9665,940.1276648,-701.4445521
97,PIGEONPEA_YIELD,214.1057777,559.6882,436.1261419,1058.480369
97,MINOR PULSES AREA (1000 ha),4.770065171,10.4602,4.778291695,11.00681663
97,MINOR_PULSES_PRODUCTION,4.613628759,4.4451,7.732270856,-0.24662113
97,MINOR_PULSES_YIELD,188.2583227,570.9337,452.6586661,749.4437049
97,GROUNDNUT_YIELD,779.7039075,2515.6663,2670.189143,5310.840425
97,SESAMUM_YIELD,258.6730894,75.9092,325.1930312,-93.69962962
97,RAPESEEDandMUSTARD_YIELD,173.7804671,36.8888,158.836852,87.90910886
97,SAFFLOWER_YIELD,0,0,0,0
97,CASTOR_YIELD,0,0,0,0
97,LINSEED_YIELD,0,0,0,0
97,SUNFLOWER_YIELD,0,0,0,0
97,SOYABEAN_YIELD,0,0,0,0
97,OILSEEDS_YIELD,683.5294516,1443.3385,2236.234704,-1254.579321
97,SUGARCANE_YIELD,0,0,0,0
97,COTTON_YIELD,0,0,0,0
97,FRUITS_AREA,6.39060308,4.4694175,5.701873295,5.57266158
97,VEGETABLES_AREA,0.465342982,0.06956,4.108534327,-7.02408396
97,FRUITSandVEGETABLES_AREA,6.701017854,1.534030833,6.899044257,7.20915007
97,POTATOES_AREA ,0,0,0,0
97,ONION_AREA,0.025939178,0.022857302,0.134774539,0.23025868
97,FODDER_AREA,0,0,0,0
98,RiceYD,342.348523,3083.5807,411.3222979,3370.190738
98,WheatYD,0,0,0,0
98,KharifSorghumYD,0,0,0,0
98,RabiSorghumYD,0,0,0,0
98,PEARL_MILLET_YIELD,0,0,0,0
98,MAIZE_YIELD,1821.839993,2358,2686.888446,4191.409698
98,FINGER_MILLET_YIELD,141.0298589,1372.1725,137.1841894,1332.177721
98,BARLEY YIELD,0,0,0,0
98,CHICKPEA_YIELD,288.6751346,0,288.6751346,0
98,PIGEONPEA_YIELD,458.4741639,849.0943,790.222712,1306.182606
98,MINOR PULSES AREA (1000 ha),3.517931731,10.819,22.25220005,31.62122685
98,MINOR_PULSES_PRODUCTION,1.35040946,6.1894,3.609638881,9.31058667
98,MINOR_PULSES_YIELD,31.76448503,686.7216,28.9595178,688.5985826
98,GROUNDNUT_YIELD,243.7418283,1625.5591,232.2179771,1624.246612
98,SESAMUM_YIELD,206.5451185,59.1665,494.4529503,-240.0144257
98,RAPESEEDandMUSTARD_YIELD,419.5380745,301.5,449.1957816,234.5678758
98,SAFFLOWER_YIELD,0,0,0,0
98,CASTOR_YIELD,216.5063509,0,216.5063509,0
98,LINSEED_YIELD,0,0,0,0
98,SUNFLOWER_YIELD,346.4101615,0,346.4101615,0
98,SOYABEAN_YIELD,0,0,0,0
98,OILSEEDS_YIELD,997.2312667,1275.7925,790.1774635,1325.556122
98,SUGARCANE_YIELD,7595.745912,983.1516529,7787.492427,976.7677778
98,COTTON_YIELD,0,0,0,0
98,FRUITS_AREA,27.1793383,17.9899625,25.97965388,25.74938378
98,VEGETABLES_AREA,0.240650402,0.022969167,2.3400387,-3.89553191
98,FRUITSandVEGETABLES_AREA,27.40862758,18.12811,26.61975173,26.33167595
98,POTATOES_AREA ,0,0,0.007826087,0.00782609
98,ONION_AREA,0.007847857,0.007847857,0.0075,0.0075
98,FODDER_AREA,0,0,0,0
99,RiceYD,933.9683065,872.8734,675.6515609,1037.342735
99,WheatYD,353.9205137,1694.099,392.5085155,1692.389989
99,KharifSorghumYD,589.7440451,694.0248,1393.490258,-968.2634167
99,RabiSorghumYD,110.7660145,749.9131,128.454207,780.7858481
99,PEARL_MILLET_YIELD,482.8813103,1024.2851,565.2690695,927.8264485
99,MAIZE_YIELD,1373.631493,3046.1514,1263.853164,3132.792466
99,FINGER_MILLET_YIELD,72.03039784,760.3396,118.729516,627.465019
99,BARLEY YIELD,0,0,0,0
99,CHICKPEA_YIELD,100.3606658,673.3607,97.36745209,690.3172626
99,PIGEONPEA_YIELD,235.9012966,669.8192,206.7483368,612.3736077
99,MINOR PULSES AREA (1000 ha),3.502071599,22.6586,18.2990912,4.9656454
99,MINOR_PULSES_PRODUCTION,14.25845134,23.8403,30.74480176,25.90762063
99,MINOR_PULSES_YIELD,328.477245,907.2362,353.608027,966.4938155
99,GROUNDNUT_YIELD,453.36232,990.2885,365.203135,955.042465
99,SESAMUM_YIELD,226.5616656,386.4284,284.2654509,416.0400095
99,RAPESEEDandMUSTARD_YIELD,567.705029,17,560.9509276,29.28774313
99,SAFFLOWER_YIELD,399.5868742,394.3333333,309.3084576,407.3732406
99,CASTOR_YIELD,113.6929878,237.0924,70.03282927,264.2305195
99,LINSEED_YIELD,288.6751346,0,288.6751346,0
99,SUNFLOWER_YIELD,401.2531628,783.3335,920.3490314,1527.125862
99,SOYABEAN_YIELD,376.4402471,1425.8121,419.1394896,1433.375037
99,OILSEEDS_YIELD,999.0737726,1329.2556,895.1794064,1270.345262
99,SUGARCANE_YIELD,540.4786626,7953.7879,396.1096362,7894.512085
99,COTTON_YIELD,236.9864613,315.4841,258.2426252,372.4076813
99,FRUITS_AREA,31.9497375,31.9497375,29.01824273,27.72487988
99,VEGETABLES_AREA,39.84487393,9.290003333,34.26343386,24.79625312
99,FRUITSandVEGETABLES_AREA,66.22606527,16.6483925,60.74537012,44.9859553
99,POTATOES_AREA ,0.112112465,0.048262143,0.052821479,0.03863425
99,ONION_AREA,92.9276,92.9276,71.65966963,70.19683349
99,FODDER_AREA,0,0,0,0
100,RiceYD,137.5273332,927.6146,102.4803125,1106.178108
100,WheatYD,230.3347803,2019.4118,227.0601706,1966.876793
100,KharifSorghumYD,365.1938889,1580.646,254.9182197,1379.674057
100,RabiSorghumYD,121.280108,1190.2719,148.6308669,1209.980666
100,PEARL_MILLET_YIELD,346.3180292,960.3675,318.2175135,806.6547238
100,MAIZE_YIELD,617.7042586,2329.2042,690.4353138,2467.479709
100,FINGER_MILLET_YIELD,618.3838538,1405.3937,582.4125527,1420.522539
100,BARLEY YIELD,0,0,0,0
100,CHICKPEA_YIELD,911.1191149,940.5081,983.1793784,997.4569651
100,PIGEONPEA_YIELD,222.2919568,609.1481,161.9596033,536.7294577
100,MINOR PULSES AREA (1000 ha),5.941352372,48.8723,13.21585391,43.2520622
100,MINOR_PULSES_PRODUCTION,18.89968396,43.2611,13.25335997,35.84534702
100,MINOR_PULSES_YIELD,168.9863779,441.3173,95.61196707,442.954039
100,GROUNDNUT_YIELD,205.2913145,954.0177,228.0976612,920.7483363
100,SESAMUM_YIELD,113.8435113,407.4876,98.3727508,289.9377799
100,RAPESEEDandMUSTARD_YIELD,225.9590128,40,296.8861719,-4.32455511
100,SAFFLOWER_YIELD,132.2304757,389.3979,208.8188979,554.0355701
100,CASTOR_YIELD,154.0776288,344.4109,147.0738415,280.9026824
100,LINSEED_YIELD,0,0,0,0
100,SUNFLOWER_YIELD,369.7107165,854.8642,684.6833032,-303.0245572
100,SOYABEAN_YIELD,334.4903721,1376.0501,209.2138082,1013.982941
100,OILSEEDS_YIELD,848.542525,1026.8593,507.4668983,930.2261821
100,SUGARCANE_YIELD,870.0806495,7584.2172,1163.052582,7411.664585
100,COTTON_YIELD,62.2832232,265.0734,92.43376682,282.593318
100,FRUITS_AREA,5.613510211,1.35728,4.738216496,3.72928902
100,VEGETABLES_AREA,6.52187698,4.078514167,5.952592883,6.32780491
100,FRUITSandVEGETABLES_AREA,11.89892093,3.4985275,10.74383297,9.99124813
100,POTATOES_AREA ,0,0,0,0
100,ONION_AREA,12.42755874,7.8161,13.89990763,9.07329708
100,FODDER_AREA,0,0,0,0
101,RiceYD,607.5,607.5,420.4831949,420.4831949
101,WheatYD,512.4360136,2222.2066,641.4275479,2354.615894
101,KharifSorghumYD,528.6645921,2138.3086,503.0065588,2087.999697
101,RabiSorghumYD,240.9388776,1476.0374,185.4194499,1287.828566
101,PEARL_MILLET_YIELD,489.2890694,1325.2418,463.0187514,1145.702896
101,MAIZE_YIELD,937.3447136,3156.8233,764.4702963,2896.613669
101,FINGER_MILLET_YIELD,0,0,0,0
101,BARLEY YIELD,0,0,0,0
101,CHICKPEA_YIELD,281.8431692,1113.185,260.0896016,1056.309664
101,PIGEONPEA_YIELD,190.8000171,801.6326,218.107332,669.1773944
101,MINOR PULSES AREA (1000 ha),9.789075578,75.868,10.13702243,70.03935038
101,MINOR_PULSES_PRODUCTION,21.70649226,46.0135,43.77913438,65.58205751
101,MINOR_PULSES_YIELD,178.9139546,531.7323,180.7839917,515.4262324
101,GROUNDNUT_YIELD,340.3762777,1193.2012,442.5159295,1154.847248
101,SESAMUM_YIELD,132.0154247,376.942,118.4882933,384.9454294
101,RAPESEEDandMUSTARD_YIELD,457.4695766,156.6607143,452.0372495,208.6940391
101,SAFFLOWER_YIELD,347.9977121,222.3402533,302.2273407,224.503009
101,CASTOR_YIELD,116.6311035,240,95.84240432,192.2203649
101,LINSEED_YIELD,294.4486373,0,294.4486373,0
101,SUNFLOWER_YIELD,302.6921153,529.2321,399.6612163,444.9741452
101,SOYABEAN_YIELD,744.7112987,1824.0351,766.3596161,1765.793506
101,OILSEEDS_YIELD,1123.363238,1529.3913,1142.299458,1679.431428
101,SUGARCANE_YIELD,1415.439488,7291.304,1221.494153,7160.777101
101,COTTON_YIELD,57.72530863,290.2324,14.43982581,213.4343853
101,FRUITS_AREA,14.02386256,5.3048475,13.68702322,12.5578161
101,VEGETABLES_AREA,1.703673291,0.307905,2.636193586,-1.8228261
101,FRUITSandVEGETABLES_AREA,15.0237192,3.771725833,16.2011461,15.70349267
101,POTATOES_AREA ,0.004318452,0.004318452,0.004285714,0.00428571
101,ONION_AREA,2.982453684,1.3156,4.674781302,2.88722395
101,FODDER_AREA,0,0,0,0
102,RiceYD,934.0381259,1628.0962,1245.672421,913.3050537
102,WheatYD,464.4704905,1631.6691,511.0069888,1639.711084
102,KharifSorghumYD,381.4643732,0,305.2326186,-22.49568778
102,RabiSorghumYD,203.5357111,496.2975,162.349482,478.9334592
102,PEARL_MILLET_YIELD,347.2800371,642.6266,408.786641,719.3396401
102,MAIZE_YIELD,758.6790511,2605.2317,1110.227057,3314.749232
102,FINGER_MILLET_YIELD,131.8171666,1199.5401,171.448679,1170.183245
102,BARLEY YIELD,0,0,0,0
102,CHICKPEA_YIELD,158.7707312,622.7333,144.0343772,588.4920261
102,PIGEONPEA_YIELD,462.5894413,488.5588,611.1394255,509.0347218
102,MINOR PULSES AREA (1000 ha),48.74427666,18.1732,46.03024119,23.1981102
102,MINOR_PULSES_PRODUCTION,13.71468324,8.0344,13.92734002,9.99953577
102,MINOR_PULSES_YIELD,372.5308159,307.5129,758.5122859,-262.7581812
102,GROUNDNUT_YIELD,385.1093169,1043.3496,402.7041252,922.1013745
102,SESAMUM_YIELD,194.9505044,253.349,132.0301718,222.4478978
102,RAPESEEDandMUSTARD_YIELD,121.1150354,11,215.9993003,74.7987636
102,SAFFLOWER_YIELD,126.7461707,178.7665,130.1213588,134.8456702
102,CASTOR_YIELD,209.5996678,120.6666667,211.917533,161.3903922
102,LINSEED_YIELD,310.5195316,390.0305,409.4954926,412.4996914
102,SUNFLOWER_YIELD,241.1021286,514.6149,257.7162638,451.6700048
102,SOYABEAN_YIELD,712.0296815,1518.6514,1694.917388,2606.472368
102,OILSEEDS_YIELD,927.8273219,1040.84,1189.87937,1211.98982
102,SUGARCANE_YIELD,2213.852806,8170.824,1981.617865,8142.210665
102,COTTON_YIELD,126.8034688,272.3562,208.5489411,334.8158605
102,FRUITS_AREA,9.2752875,9.2752875,9.716993788,9.71699379
102,VEGETABLES_AREA,0,0,2.250389979,2.25038998
102,FRUITSandVEGETABLES_AREA,9.2752875,9.2752875,6.818218391,6.81821839
102,POTATOES_AREA ,0,0,0.006331999,0.006332
102,ONION_AREA,0,0,4.557581556,4.55758156
102,FODDER_AREA,0,0,0,0
103,RiceYD,505.2191398,1693.6999,354.8015605,1599.671209
103,WheatYD,580.0296463,1888.7594,632.1140737,1930.361519
103,KharifSorghumYD,426.6769768,715.7724,433.7796097,863.4716116
103,RabiSorghumYD,183.307798,622.5316,184.2099741,547.2253681
103,PEARL_MILLET_YIELD,99.90360545,711.2061,115.5033038,532.8643662
103,MAIZE_YIELD,1872.081475,2875.9046,1896.34575,2886.9032
103,FINGER_MILLET_YIELD,238.3006585,1204.3567,285.663264,1158.695331
103,BARLEY YIELD,0,0,0,0
103,CHICKPEA_YIELD,192.1654079,892.9926,177.9359492,811.3614149
103,PIGEONPEA_YIELD,277.7137067,576.1554,297.1102577,663.3073634
103,MINOR PULSES AREA (1000 ha),9.226691754,18.6866,6.901318052,23.53693373
103,MINOR_PULSES_PRODUCTION,2.913860421,11.2514,5.14397765,14.88266732
103,MINOR_PULSES_YIELD,169.4982068,455.1526,216.1897016,531.1306757
103,GROUNDNUT_YIELD,279.8954738,1099.4596,267.6756072,1105.966143
103,SESAMUM_YIELD,136.6289034,263.7163,201.0594621,442.181359
103,RAPESEEDandMUSTARD_YIELD,211.5928703,37.3334,189.7280811,112.3288287
103,SAFFLOWER_YIELD,493.1283034,606.0813,434.8511355,569.4043223
103,CASTOR_YIELD,108.9984072,138.0833333,71.6271516,133.7504846
103,LINSEED_YIELD,0,0,17.14366177,17.14366177
103,SUNFLOWER_YIELD,275.3568984,577.4578,309.338652,556.7540279
103,SOYABEAN_YIELD,402.816444,2445.5745,561.7764594,2690.538621
103,OILSEEDS_YIELD,1144.22801,1077.3537,1315.538638,1179.686398
103,SUGARCANE_YIELD,1152.424726,11169.1739,1443.09669,11129.79157
103,COTTON_YIELD,85,85,94.49826568,94.49826568
103,FRUITS_AREA,4.694133151,0.793428333,9.290935011,2.50334772
103,VEGETABLES_AREA,15.24285583,11.65541333,12.70948672,11.45579244
103,FRUITSandVEGETABLES_AREA,18.61232084,4.264935,21.47385266,23.1998465
103,POTATOES_AREA ,2.220162675,1.900254167,2.802268973,3.47005655
103,ONION_AREA,22.1342,22.1342,7.964014438,7.93190185
103,FODDER_AREA,0,0,0,0
104,RiceYD,166.6025837,1691.2587,226.0708898,1898.89127
104,WheatYD,205.2772522,1906.9069,181.8498277,1861.250953
104,KharifSorghumYD,441.2650728,1696.2966,243.4163237,1439.676031
104,RabiSorghumYD,79.10871018,788.4763,81.07036056,788.9159626
104,PEARL_MILLET_YIELD,146.9545529,535.8769,148.248243,480.8897609
104,MAIZE_YIELD,592.62306,2309.1059,721.2716575,2502.675092
104,FINGER_MILLET_YIELD,91.62170931,945.7234,158.9503292,895.3430387
104,BARLEY YIELD,0,0,0,0
104,CHICKPEA_YIELD,204.318628,607.5632,316.5429883,548.9714124
104,PIGEONPEA_YIELD,283.6463912,480.6206,313.1414464,536.9019234
104,MINOR PULSES AREA (1000 ha),13.78385683,36.7825,15.57110554,31.5619941
104,MINOR_PULSES_PRODUCTION,19.80049577,17.1327,20.41282338,12.78870661
104,MINOR_PULSES_YIELD,287.9184949,397.8733,297.9624642,373.0222807
104,GROUNDNUT_YIELD,99.93898779,1291.0521,47.31646091,1366.091674
104,SESAMUM_YIELD,64.75629425,189.8337,77.33500102,209.5021333
104,RAPESEEDandMUSTARD_YIELD,234.8308838,17.7,210.567123,22.17937399
104,SAFFLOWER_YIELD,737.2125402,1483.4967,3506.675931,5354.105174
104,CASTOR_YIELD,214.0143438,21.97698413,794.9202452,-873.1213429
104,LINSEED_YIELD,453,453,289.4716838,289.4716838
104,SUNFLOWER_YIELD,129.7573696,499.7357,151.2687425,494.5296134
104,SOYABEAN_YIELD,141.8893671,1575.4818,159.2715526,1458.828734
104,OILSEEDS_YIELD,1212.041963,1542.3293,933.5945654,1317.550404
104,SUGARCANE_YIELD,1498.062746,9850.7394,1636.394441,9930.76911
104,COTTON_YIELD,135.4731923,153.8333,163.2901152,-15.22983218
104,FRUITS_AREA,7.865469384,1.846354167,12.59928716,20.92242082
104,VEGETABLES_AREA,7.607629537,4.001785,7.290846244,8.02729069
104,FRUITSandVEGETABLES_AREA,14.98197363,6.03128,15.36870244,21.1995182
104,POTATOES_AREA ,2.240765234,0.63572,2.065054792,1.77202569
104,ONION_AREA,5.46405128,1.567,3.831562861,3.03076285
104,FODDER_AREA,0,0,0,0
105,RiceYD,363.124249,1935.6354,340.6205155,2170.73847
105,WheatYD,416.5682655,2039.4129,495.3738311,2051.296567
105,KharifSorghumYD,310.5880106,794.1425,247.0482264,857.3509615
105,RabiSorghumYD,161.3905157,583.2027,145.6501296,605.9708084
105,PEARL_MILLET_YIELD,293.8286683,229.9527,304.9973134,234.7637217
105,MAIZE_YIELD,574.3440044,2398.1645,788.7378797,2197.037957
105,FINGER_MILLET_YIELD,646.4614,646.4614,1440.381607,1440.381607
105,BARLEY YIELD,0,0,0,0
105,CHICKPEA_YIELD,90.91414134,738.0055,85.11157041,706.5399683
105,PIGEONPEA_YIELD,275.6372211,494.096,276.3635887,541.6372745
105,MINOR PULSES AREA (1000 ha),8.023447747,34.748,5.610815203,26.11515775
105,MINOR_PULSES_PRODUCTION,15.01865326,22.9841,10.61376591,13.51664869
105,MINOR_PULSES_YIELD,228.4261615,346.1817,263.5854985,361.4286543
105,GROUNDNUT_YIELD,155.305338,913.902,198.9034321,883.6828913
105,SESAMUM_YIELD,524.9761844,744,348.8378483,369.6818228
105,RAPESEEDandMUSTARD_YIELD,409.5291215,5,424.6277317,-20.60908346
105,SAFFLOWER_YIELD,278.467046,503.5682,954.409076,-237.5450707
105,CASTOR_YIELD,288.287382,375.11076,294.2703142,450.5326342
105,LINSEED_YIELD,346.4101615,0,346.4101615,0
105,SUNFLOWER_YIELD,225.5872314,519.8244,218.3428983,515.3664193
105,SOYABEAN_YIELD,146.0241857,1712.097,163.2484764,1758.953346
105,OILSEEDS_YIELD,1155.916854,1282.2844,1160.985694,1280.533394
105,SUGARCANE_YIELD,899.2927568,11147.4854,918.8462253,11147.27254
105,COTTON_YIELD,222.4668995,169.6613,253.3948485,35.06942091
105,FRUITS_AREA,10.57448956,2.876793333,40.93274485,70.59320726
105,VEGETABLES_AREA,1.355991078,0.392295833,1.55247834,2.15180482
105,FRUITSandVEGETABLES_AREA,13.19940169,3.270323333,37.93347421,65.15381054
105,POTATOES_AREA ,0.030671885,0.012503333,0.019256204,0.02348593
105,ONION_AREA,0.602131838,0.2055,0.522056789,0.53123017
105,FODDER_AREA,0,0,0,0
106,RiceYD,696.020557,829.25,343.9320922,425.1723362
106,WheatYD,391.3493479,1357.8324,438.6586203,1328.412715
106,KharifSorghumYD,305.9888144,383.4157,258.2694993,223.3144014
106,RabiSorghumYD,226.742902,568.1284,231.2200745,517.7778035
106,PEARL_MILLET_YIELD,120.341631,407.255,156.586956,434.8644018
106,MAIZE_YIELD,541.066024,2253.8298,577.1907514,2352.184728
106,FINGER_MILLET_YIELD,288.6751346,0,288.6751346,0
106,BARLEY YIELD,0,0,0,0
106,CHICKPEA_YIELD,250.6221431,727.9185,237.7774927,702.4025585
106,PIGEONPEA_YIELD,226.3113464,417.5668,265.4096659,441.8992596
106,MINOR PULSES AREA (1000 ha),18.07824293,16.821,50.28686532,-50.63326931
106,MINOR_PULSES_PRODUCTION,3.69297534,8.3368,29.22043224,-27.66906388
106,MINOR_PULSES_YIELD,329.7692482,578.2198,336.5604375,473.1223999
106,GROUNDNUT_YIELD,201.9219951,1150.1323,214.0042622,1149.398613
106,SESAMUM_YIELD,230.0568221,746.7655,35.03594876,357.9198583
106,RAPESEEDandMUSTARD_YIELD,138.7766658,0,138.7766658,0
106,SAFFLOWER_YIELD,221.2762978,617.7971,203.2512565,563.0351184
106,CASTOR_YIELD,117.1598908,267.6666667,33.11039514,300.1246075
106,LINSEED_YIELD,265.1123683,355,352.7196632,446.9877288
106,SUNFLOWER_YIELD,236.5659383,496.1222,226.551342,523.3364717
106,SOYABEAN_YIELD,823.5932366,1173.4478,820.8279595,1272.423397
106,OILSEEDS_YIELD,763.1080894,1030.6428,804.2010581,1012.777191
106,SUGARCANE_YIELD,2142.045145,9063.1827,1550.615259,8562.620412
106,COTTON_YIELD,193.5591653,414.1879,175.340233,394.4097777
106,FRUITS_AREA,19.99947553,5.120908333,14.1009996,12.0192845
106,VEGETABLES_AREA,8.50646358,3.6889475,6.052584216,6.38496152
106,FRUITSandVEGETABLES_AREA,28.36507303,7.782913333,19.44466467,15.25733402
106,POTATOES_AREA ,0.019575,0.019575,0.006979205,0.0069792
106,ONION_AREA,13.50154883,4.6168,7.64913157,4.59914493
106,FODDER_AREA,0,0,0,0
107,RiceYD,405.1923078,2708.7159,334.5721076,2684.118678
107,WheatYD,166.3332565,2442.8239,125.4875239,2307.066425
107,KharifSorghumYD,270.2373571,2049.6494,157.4334712,1967.606394
107,RabiSorghumYD,420.6130844,1439.9485,387.1213224,1400.538855
107,PEARL_MILLET_YIELD,0,0,0,0
107,MAIZE_YIELD,939.1230448,2062.7181,988.1386384,1928.204286
107,FINGER_MILLET_YIELD,153.6572258,1546.8743,169.1012762,1542.941068
107,BARLEY YIELD,0,0,0,0
107,CHICKPEA_YIELD,97.33101877,966.2059,89.23038911,947.2893484
107,PIGEONPEA_YIELD,254.1746169,446.1201,306.9155128,538.2988914
107,MINOR PULSES AREA (1000 ha),2.325910288,6.43,1.906900144,8.52346263
107,MINOR_PULSES_PRODUCTION,0.58529179,3.2538,0.863298071,1.82096419
107,MINOR_PULSES_YIELD,58.67841917,412.3136,153.2258299,246.4226808
107,GROUNDNUT_YIELD,347.4091225,1307.9038,406.8064835,1251.262261
107,SESAMUM_YIELD,185.3869223,44.2281746,114.6890945,165.8500213
107,RAPESEEDandMUSTARD_YIELD,115.4700538,0,115.4700538,0
107,SAFFLOWER_YIELD,0,0,0,0
107,CASTOR_YIELD,240.2731594,255.6659,278.3575789,261.1186791
107,LINSEED_YIELD,0,0,0,0
107,SUNFLOWER_YIELD,461.4965253,1215.6954,415.4244416,1133.05149
107,SOYABEAN_YIELD,258.8219293,2267.2818,301.775374,2188.268448
107,OILSEEDS_YIELD,1373.125777,1954.9856,1086.108527,1786.207408
107,SUGARCANE_YIELD,671.9106022,10060.3444,1274.82734,10838.52486
107,COTTON_YIELD,78.45980393,60,105.3386727,125.8220211
107,FRUITS_AREA,1.974324356,0.9376825,10.26886597,-15.05158287
107,VEGETABLES_AREA,0.850748711,0.827683333,1.2309436,1.44854933
107,FRUITSandVEGETABLES_AREA,2.849989913,1.68699,8.115430271,-8.61802701
107,POTATOES_AREA ,0.177006542,0.04295,0.198071158,0.23231659
107,ONION_AREA,0.050533685,0.0508,0.068808204,0.07185954
107,FODDER_AREA,0,0,0,0
108,RiceYD,780.1271458,931,823.8668048,1003.587086
108,WheatYD,537.799225,1639.0618,730.3703998,2026.696046
108,KharifSorghumYD,628.553333,1395.7272,1283.01198,2460.486665
108,RabiSorghumYD,325.4926717,775.6961,493.9617651,958.4458174
108,PEARL_MILLET_YIELD,439.7767091,1075.855,1049.094299,1886.239915
108,MAIZE_YIELD,908.4205249,2579.7356,1902.681807,4261.006874
108,FINGER_MILLET_YIELD,0,0,0,0
108,BARLEY YIELD,0,0,0,0
108,CHICKPEA_YIELD,395.9221949,734.2308,627.7742211,1231.341126
108,PIGEONPEA_YIELD,369.4214256,644.7225,505.3357476,938.7319939
108,MINOR PULSES AREA (1000 ha),17.04780457,47.4336,31.39359506,20.80426138
108,MINOR_PULSES_PRODUCTION,8.629757217,19.252,14.39870384,-9.88069595
108,MINOR_PULSES_YIELD,215.3530171,455.8134,377.8083968,592.2863015
108,GROUNDNUT_YIELD,332.1095188,955.9649,672.2034405,1536.930616
108,SESAMUM_YIELD,81.67690448,188.3374,218.1205255,260.2089554
108,RAPESEEDandMUSTARD_YIELD,142.0244406,0,143.0952334,3.8736508
108,SAFFLOWER_YIELD,1035.221437,1640.4136,627.3109045,126.1859231
108,CASTOR_YIELD,165.6446668,150.8446,149.7144459,148.2370235
108,LINSEED_YIELD,170.5733984,72.6875,244.2055797,-115.755999
108,SUNFLOWER_YIELD,405.7711668,488.1601,550.7623547,220.1569885
108,SOYABEAN_YIELD,458.8840102,1200.266,1453.953808,2439.879297
108,OILSEEDS_YIELD,896.7413368,1062.9681,1070.653451,1432.545539
108,SUGARCANE_YIELD,2297.211715,8118.7041,2337.013201,8197.733775
108,COTTON_YIELD,117.2354135,261.8367,131.9771688,308.0943885
108,FRUITS_AREA,14.47596574,4.271618333,22.62271738,35.51050655
108,VEGETABLES_AREA,3.273453551,0.848003333,2.474110522,2.07652929
108,FRUITSandVEGETABLES_AREA,18.59291467,5.1780625,24.20424445,37.08493496
108,POTATOES_AREA ,0.42328941,0.008400833,63.6303776,-110.1576749
108,ONION_AREA,5.385900336,4.962,5.79018905,5.61157029
108,FODDER_AREA,0,0,0,0
109,RiceYD,204.0162518,321.5958,160.3317763,277.2848626
109,WheatYD,569.5205089,1129.5812,776.3805663,1212.708872
109,KharifSorghumYD,735.2566859,1141.6636,1508.579507,1463.603018
109,RabiSorghumYD,293.5559481,664.4753,335.8042451,682.6225808
109,PEARL_MILLET_YIELD,437.9139694,637.6814,862.2404766,772.2713196
109,MAIZE_YIELD,492.6094353,1331.5928,886.7213912,1995.285222
109,FINGER_MILLET_YIELD,0,0,0,0
109,BARLEY YIELD,0,0,0,0
109,CHICKPEA_YIELD,722.6529838,1296.1645,2322.187222,3096.841118
109,PIGEONPEA_YIELD,422.9515157,713.7545,316.1548673,621.866927
109,MINOR PULSES AREA (1000 ha),14.72301589,92.2686,23.83346116,79.40982331
109,MINOR_PULSES_PRODUCTION,33.38371289,65.8899,41.56295102,63.64015715
109,MINOR_PULSES_YIELD,240.7587801,462.1197,310.3680335,503.8124095
109,GROUNDNUT_YIELD,279.6252173,1005.1099,313.0149779,1079.346317
109,SESAMUM_YIELD,96.17578831,223.1971,139.1665368,306.6167321
109,RAPESEEDandMUSTARD_YIELD,222.7825006,5.1667,245.9426968,-6.61494526
109,SAFFLOWER_YIELD,226.1839242,572.5369,231.6869743,508.3358685
109,CASTOR_YIELD,215.9221072,383.3545,284.3191684,435.7564436
109,LINSEED_YIELD,194.7029592,241.9303,245.876964,135.553946
109,SUNFLOWER_YIELD,389.1774208,472.7848,432.1616865,585.6407022
109,SOYABEAN_YIELD,606.5644134,1312.2299,908.1676192,1301.596643
109,OILSEEDS_YIELD,957.4703684,1112.6286,1133.469793,701.1286373
109,SUGARCANE_YIELD,3351.462032,7099.6199,3679.298422,7003.874931
109,COTTON_YIELD,235.5613096,229.7871,249.536074,239.6195454
109,FRUITS_AREA,4.2229125,4.2229125,2.368890148,2.29782856
109,VEGETABLES_AREA,1.965633003,0.5468825,1.443347689,1.10094832
109,FRUITSandVEGETABLES_AREA,6.63135,6.63135,4.480860213,4.16056287
109,POTATOES_AREA ,0.202775,0.202775,0.139159232,0.12973285
109,ONION_AREA,0.643203161,0.1818,0.530101476,0.41143433
109,FODDER_AREA,0,0,0,0
110,RiceYD,248.9344751,385.3478,273.2422174,394.4275255
110,WheatYD,585.3963991,1024.9176,779.7642598,899.9174188
110,KharifSorghumYD,646.8768101,920.1041,536.4574737,801.2030304
110,RabiSorghumYD,268.345599,696.8739,297.2885322,786.6276098
110,PEARL_MILLET_YIELD,368.5491422,859.2157,570.5480135,1236.523105
110,MAIZE_YIELD,955.3389323,1526.5777,891.6481895,1307.689666
110,FINGER_MILLET_YIELD,0,0,0,0
110,BARLEY YIELD,0,0,0,0
110,CHICKPEA_YIELD,252.0968017,588.1146,366.318354,835.9757241
110,PIGEONPEA_YIELD,384.3982473,608.6095,447.5313946,808.7015993
110,MINOR PULSES AREA (1000 ha),14.46504357,20.5754,14.63710236,16.5420406
110,MINOR_PULSES_PRODUCTION,6.251901956,8.9174,3.946722986,5.02525619
110,MINOR_PULSES_YIELD,309.3628766,528.4536,579.597289,876.3726642
110,GROUNDNUT_YIELD,491.2783137,892.6159,670.8227038,1170.53287
110,SESAMUM_YIELD,115.9928414,256.5462,95.31787015,231.632148
110,RAPESEEDandMUSTARD_YIELD,284.8113862,8.1112,210.4646696,69.21285431
110,SAFFLOWER_YIELD,385.2896278,607.6232,524.7127768,-286.7371623
110,CASTOR_YIELD,153.1192493,261.7078,194.9313503,283.553585
110,LINSEED_YIELD,190.3643916,291.3167,241.6493124,345.2396391
110,SUNFLOWER_YIELD,357.6515985,545.8291,417.1786962,609.3496698
110,SOYABEAN_YIELD,357.3869914,431.1257,602.3006835,-233.6884424
110,OILSEEDS_YIELD,714.9388435,471.9981,574.0625218,-613.8236045
110,SUGARCANE_YIELD,1777.994703,5044.8149,1725.676168,4761.720331
110,COTTON_YIELD,99.65461517,210.2026,193.5076679,349.86782
110,FRUITS_AREA,2.424615392,0.744589167,3.068544598,4.14119968
110,VEGETABLES_AREA,3.813428737,4.0056525,5.124490279,4.23807679
110,FRUITSandVEGETABLES_AREA,5.59859986,1.526408333,6.775442179,4.97707119
110,POTATOES_AREA ,0.114931141,0.030265,0.097303832,0.09732616
110,ONION_AREA,0.626569227,0.6291,0.601438921,0.32062753
110,FODDER_AREA,0,0,0,0
111,RiceYD,1001.83197,545.8318,910.571986,427.7844173
111,WheatYD,639.5742529,1448.6276,686.7931704,1180.962944
111,KharifSorghumYD,667.2075711,1090.4878,793.5084624,914.8767118
111,RabiSorghumYD,252.5427316,644.5402,231.7755492,684.3988349
111,PEARL_MILLET_YIELD,0,0,84.28614282,-84.28614282
111,MAIZE_YIELD,248.4446565,1193.4209,517.2261109,1484.618102
111,FINGER_MILLET_YIELD,0,0,0,0
111,BARLEY YIELD,0,0,0,0
111,CHICKPEA_YIELD,606.5293634,962.2838,631.3258638,949.9289821
111,PIGEONPEA_YIELD,529.179466,620.9015,679.427881,813.5822206
111,MINOR PULSES AREA (1000 ha),7.608194236,79.786,10.65224392,82.91502563
111,MINOR_PULSES_PRODUCTION,29.19173205,50.0366,18.83824061,35.43122077
111,MINOR_PULSES_YIELD,216.3259101,484.8258,130.1678795,321.142526
111,GROUNDNUT_YIELD,398.3070099,1079.1663,445.5255204,1161.549566
111,SESAMUM_YIELD,95.26822711,225.3569,98.31067369,256.6915401
111,RAPESEEDandMUSTARD_YIELD,130.2563131,8,143.9480796,-9.79680452
111,SAFFLOWER_YIELD,362.1827566,628.3511,308.7050989,654.5879429
111,CASTOR_YIELD,178.5398426,173.9999,226.0313653,255.151473
111,LINSEED_YIELD,285.2265505,2.5,177.9220519,133.4857147
111,SUNFLOWER_YIELD,268.1078297,521.9604,630.5246254,806.6728305
111,SOYABEAN_YIELD,760.6661655,1141.6568,545.6605823,692.951064
111,OILSEEDS_YIELD,1011.63039,1038.6532,800.2953352,573.5144866
111,SUGARCANE_YIELD,2013.42723,6224.0225,1650.016692,5086.93135
111,COTTON_YIELD,50.29473663,147.1192,86.34261388,134.4585221
111,FRUITS_AREA,4.112692538,0.917698333,5.086953744,5.26460834
111,VEGETABLES_AREA,0.594270957,0.1883775,0.762818882,0.54544903
111,FRUITSandVEGETABLES_AREA,4.722088925,1.06516,5.805262563,5.8349854
111,POTATOES_AREA ,0.005349065,0.004462619,0.004800352,0.00445904
111,ONION_AREA,0.485078214,0.5938,0.456961314,0.34836553
111,FODDER_AREA,0,0,0,0
112,RiceYD,255.2913877,465.4186,464.521436,668.9287197
112,WheatYD,646.735841,1244.2197,1144.349732,2246.784029
112,KharifSorghumYD,428.026611,1008.5624,552.2562085,1085.126503
112,RabiSorghumYD,350.0632184,855.2866,468.3365666,1108.936866
112,PEARL_MILLET_YIELD,280.8290319,607.0324,405.9676853,812.9867207
112,MAIZE_YIELD,729.38184,1504.0699,1129.951547,2129.663866
112,FINGER_MILLET_YIELD,0,0,0,0
112,BARLEY YIELD,0,0,0,0
112,CHICKPEA_YIELD,331.1897579,808.8809,760.7877714,1281.827509
112,PIGEONPEA_YIELD,1120.879218,1101.6084,1643.124434,1647.958448
112,MINOR PULSES AREA (1000 ha),30.97416986,83.0121,55.58078737,67.34000782
112,MINOR_PULSES_PRODUCTION,67.10594698,39.9465,87.62144836,38.3392381
112,MINOR_PULSES_YIELD,388.1202782,779.3019,515.1936699,933.0247122
112,GROUNDNUT_YIELD,349.0286138,791.4039,470.3801825,974.4975495
112,SESAMUM_YIELD,66.76276926,174.9416,91.92803034,206.2762368
112,RAPESEEDandMUSTARD_YIELD,199.836186,15.2,199.4546597,7.59096407
112,SAFFLOWER_YIELD,242.9495691,604.198,327.5907773,768.2467902
112,CASTOR_YIELD,37.60502528,202.2798,73.67991978,214.3526119
112,LINSEED_YIELD,87.95313062,249.6029,94.1563987,218.222006
112,SUNFLOWER_YIELD,241.3056508,600.62,403.1786779,859.9668671
112,SOYABEAN_YIELD,935.0285404,1698.8507,776.9602781,1518.750171
112,OILSEEDS_YIELD,983.9790366,1171.4589,881.8839945,1177.434177
112,SUGARCANE_YIELD,2450.162093,6428.6571,2370.312731,6392.686264
112,COTTON_YIELD,132.0493992,283.9374,211.1648615,416.9936618
112,FRUITS_AREA,5.926832526,1.756368333,5.940752163,4.44440822
112,VEGETABLES_AREA,4.173262375,1.1237425,2.972713318,2.44264422
112,FRUITSandVEGETABLES_AREA,10.24256914,2.832044167,8.880543288,6.62623655
112,POTATOES_AREA ,0.209031058,0.05107,0.196232244,0.18903371
112,ONION_AREA,5.802335719,1.8921,3.341956246,2.40488662
112,FODDER_AREA,0,0,0,0
113,RiceYD,230.9401077,0,230.9401077,0
113,WheatYD,429.286071,1541.8764,393.9606286,1479.842886
113,KharifSorghumYD,649.9878327,1471.2883,871.4605763,1714.425687
113,RabiSorghumYD,322.120003,813.9175,438.1285794,902.9996462
113,PEARL_MILLET_YIELD,444.0206617,863.0896,690.8167458,1139.616636
113,MAIZE_YIELD,751.5340089,2370.5124,763.2583404,2421.522082
113,FINGER_MILLET_YIELD,346.4101615,0,346.4101615,0
113,BARLEY YIELD,0,0,0,0
113,CHICKPEA_YIELD,282.1849681,865.0566,271.2597406,804.244448
113,PIGEONPEA_YIELD,290.584813,816.3488,268.7631878,738.7790919
113,MINOR PULSES AREA (1000 ha),79.5515515,104.9282,115.8902472,130.6700227
113,MINOR_PULSES_PRODUCTION,44.60950713,48.4869,64.00059755,45.44315788
113,MINOR_PULSES_YIELD,218.7802154,463.3436,167.8937216,400.6221976
113,GROUNDNUT_YIELD,360.9941539,1402.7261,345.1527344,1308.847613
113,SESAMUM_YIELD,77.85245562,327.0503,68.18572918,300.4376793
113,RAPESEEDandMUSTARD_YIELD,231.1888441,0,194.4637227,70.68569975
113,SAFFLOWER_YIELD,505.8898492,1182.5622,1422.805376,2795.919155
113,CASTOR_YIELD,370.063754,479.4996,297.7937293,498.839272
113,LINSEED_YIELD,0,0,0,0
113,SUNFLOWER_YIELD,254.3227092,573.3711,267.2736147,640.3783965
113,SOYABEAN_YIELD,339.0500364,903.0826,443.0413661,1096.827074
113,OILSEEDS_YIELD,1289.318618,879.7405,1295.917345,1011.244711
113,SUGARCANE_YIELD,617.2346865,5638.1746,741.3704399,5149.641508
113,COTTON_YIELD,143.3528335,251.131,117.0853951,262.1984213
113,FRUITS_AREA,2.519475,2.519475,1.852104464,1.73452686
113,VEGETABLES_AREA,2.323894598,0.666816667,2.234707395,1.69860983
113,FRUITSandVEGETABLES_AREA,4.791483312,3.551295,4.444329005,3.71367212
113,POTATOES_AREA ,0.021082414,0.02002381,0.054624812,0.08962836
113,ONION_AREA,3.789213668,3.4108,2.917596241,2.74250246
113,FODDER_AREA,0,0,0,0
114,RiceYD,227.9999,227.9999,450.5274192,450.5274192
114,WheatYD,451.7848128,1609.8359,514.2489528,1715.583862
114,KharifSorghumYD,924.574574,1913.091,1363.128833,2200.785964
114,RabiSorghumYD,256.8507451,858.9862,264.482009,915.4128825
114,PEARL_MILLET_YIELD,291.2381192,470.7097,539.3176194,673.1197107
114,MAIZE_YIELD,491.787979,2344.3237,461.5542839,2328.315774
114,FINGER_MILLET_YIELD,0,0,0,0
114,BARLEY YIELD,0,0,0,0
114,CHICKPEA_YIELD,294.2229908,1017.2423,128.9542926,731.4069446
114,PIGEONPEA_YIELD,392.7587438,867.6167,341.9302588,1102.463627
114,MINOR PULSES AREA (1000 ha),31.04137873,90.9393,43.74874971,96.65015719
114,MINOR_PULSES_PRODUCTION,61.89555317,84.8163,71.35282176,85.58770671
114,MINOR_PULSES_YIELD,282.7588125,642.3005,268.0831383,554.3804729
114,GROUNDNUT_YIELD,338.8779425,1438.4815,459.0221367,1644.019405
114,SESAMUM_YIELD,90.5537705,235.8012,106.5325484,160.0512962
114,RAPESEEDandMUSTARD_YIELD,435.0116418,71.8797619,215.3834942,175.6493369
114,SAFFLOWER_YIELD,135.8974166,588.8159,213.7482807,685.4306275
114,CASTOR_YIELD,322.1568885,335.8824,402.6898528,210.9311301
114,LINSEED_YIELD,0,0,0,0
114,SUNFLOWER_YIELD,452.8362162,49.9031,375.6242226,316.2197288
114,SOYABEAN_YIELD,675.7504745,1426.634,715.1087797,1145.80408
114,OILSEEDS_YIELD,1209.313103,1404.2287,1489.202051,1039.54421
114,SUGARCANE_YIELD,1657.838422,5722.7214,11082.34485,17530.7487
114,COTTON_YIELD,107.8597493,255.7718,99.43699998,174.2244516
114,FRUITS_AREA,10.04496076,2.450385833,9.217769719,11.14830396
114,VEGETABLES_AREA,1.238962027,0.35293,2.134955434,3.31087511
114,FRUITSandVEGETABLES_AREA,11.21917859,2.8405225,11.42467531,15.15301174
114,POTATOES_AREA ,0.008636905,0.008636905,0.008107736,0.00708995
114,ONION_AREA,1.326215206,0.4612,1.147708453,0.89323792
114,FODDER_AREA,0,0,0,0
115,RiceYD,363.7900366,725.8849,278.1432532,559.5927166
115,WheatYD,450.2043859,1756.707,421.3501795,1736.793641
115,KharifSorghumYD,256.4432935,1082.3146,611.8683911,1478.366852
115,RabiSorghumYD,407.9533614,643.5691952,567.8007754,767.1485557
115,PEARL_MILLET_YIELD,256.1049585,212.9991,343.4283075,78.99254133
115,MAIZE_YIELD,555.2611463,2277.4922,708.7313743,2453.067095
115,FINGER_MILLET_YIELD,0,0,0,0
115,BARLEY YIELD,0,0,0,0
115,CHICKPEA_YIELD,331.1715165,1134.0143,395.8067882,1292.734374
115,PIGEONPEA_YIELD,289.6049585,628.7548,627.1825747,274.4577323
115,MINOR PULSES AREA (1000 ha),18.24170979,52.868,13.87496662,43.97542093
115,MINOR_PULSES_PRODUCTION,12.81951091,16.1447,17.44522131,28.34890004
115,MINOR_PULSES_YIELD,220.0982637,350.0305,253.3747519,324.1261976
115,GROUNDNUT_YIELD,240.6818027,1041.5748,185.7663579,1086.641138
115,SESAMUM_YIELD,137.2591959,329.9607,138.4339788,177.6047442
115,RAPESEEDandMUSTARD_YIELD,230.9401077,0,236.6257166,-9.62181422
115,SAFFLOWER_YIELD,717.5419438,900.222,717.281237,958.6528512
115,CASTOR_YIELD,316.9497661,482.6864,325.6712331,426.4735005
115,LINSEED_YIELD,34.74028536,34.74028536,38.46142857,38.46142857
115,SUNFLOWER_YIELD,282.3788572,468.6356,331.5711394,43.87948678
115,SOYABEAN_YIELD,614.3595854,1263.6459,914.0936424,1292.23159
115,OILSEEDS_YIELD,1181.692271,1250.6957,1741.406851,1201.805006
115,SUGARCANE_YIELD,2881.059183,7119.6829,2627.007557,6792.592002
115,COTTON_YIELD,215.97576,351.6013,65.57361261,292.1656569
115,FRUITS_AREA,18.3304706,5.450536667,22.27355712,26.92781725
115,VEGETABLES_AREA,0.7797375,0.7797375,0.420581079,0.42058108
115,FRUITSandVEGETABLES_AREA,18.9560306,5.4300875,22.72231293,27.49754099
115,POTATOES_AREA ,0.009360937,0.003544167,0.011880943,0.01234903
115,ONION_AREA,0.722758045,0.284833333,0.573846343,0.65788846
115,FODDER_AREA,0,0,0,0
116,RiceYD,365.4175723,503.3345,393.1245906,419.0268711
116,WheatYD,388.8079211,1223.5424,334.9094051,1370.207231
116,KharifSorghumYD,660.130812,1042.712,1085.189934,1614.717422
116,RabiSorghumYD,365.7241194,344.8166667,334.1703403,359.0295593
116,PEARL_MILLET_YIELD,267.1695934,454.646,456.7442528,673.4285264
116,MAIZE_YIELD,579.5493145,1791.9263,715.0167439,2071.942559
116,FINGER_MILLET_YIELD,0,0,0,0
116,BARLEY YIELD,0,0,0,0
116,CHICKPEA_YIELD,120.274452,870.3069,184.15804,1035.671581
116,PIGEONPEA_YIELD,318.8596618,795.8558,272.6888691,743.3459252
116,MINOR PULSES AREA (1000 ha),41.17155242,63.114,18.36472047,35.16045426
116,MINOR_PULSES_PRODUCTION,9.121256767,11.7654,10.16722655,18.04793375
116,MINOR_PULSES_YIELD,213.2904389,488.6661,213.9315343,360.20505
116,GROUNDNUT_YIELD,451.2361689,1349.4873,530.5397421,1354.774251
116,SESAMUM_YIELD,221.3076967,365.6221,251.5375665,367.3738806
116,RAPESEEDandMUSTARD_YIELD,230.9401077,0,214.9145577,30.21829293
116,SAFFLOWER_YIELD,573.8037042,50,620.551882,-56.13807468
116,CASTOR_YIELD,66.11922803,110.5,217.8957317,-95.59471268
116,LINSEED_YIELD,0,0,8.174104491,-8.17410449
116,SUNFLOWER_YIELD,288.6751346,0,259.4809594,58.15485741
116,SOYABEAN_YIELD,489.7311265,1110.1345,559.5500009,826.9212422
116,OILSEEDS_YIELD,1103.463906,1049.8579,1317.987065,770.1869064
116,SUGARCANE_YIELD,1910.302957,7538.5946,1766.606763,7565.112466
116,COTTON_YIELD,123.4942112,243.0085,133.0583815,196.7671498
116,FRUITS_AREA,0.2069375,0.2069375,0.028056555,-0.03066869
116,VEGETABLES_AREA,0.527679352,0.368509167,0.495343028,0.4497008
116,FRUITSandVEGETABLES_AREA,0.7957875,0.7957875,0.177829444,0.16264025
116,POTATOES_AREA ,0.004318452,0.004318452,0.004053868,0.00354497
116,ONION_AREA,0.555207943,0.551,0.256770491,0.24185211
116,FODDER_AREA,0,0,0,0
117,RiceYD,0,0,39.85335119,39.85335119
117,WheatYD,207.6898085,1514.5331,202.3268392,1508.026354
117,KharifSorghumYD,214.3170301,619.8461,140.7393483,734.0234293
117,RabiSorghumYD,304.1902247,784.7271,719.5557905,1547.173954
117,PEARL_MILLET_YIELD,0,0,0,0
117,MAIZE_YIELD,1050.982607,820,590.0836503,1029.123675
117,FINGER_MILLET_YIELD,0,0,0,0
117,BARLEY YIELD,0,0,0,0
117,CHICKPEA_YIELD,291.0921201,799.9683,261.098306,814.4777608
117,PIGEONPEA_YIELD,476.8057868,937.4966,454.846931,818.6505903
117,MINOR PULSES AREA (1000 ha),0.484395155,0.722,0.213532401,0.46977346
117,MINOR_PULSES_PRODUCTION,0.224960063,0.205,0.252188528,0.05753242
117,MINOR_PULSES_YIELD,511.5771674,576.6977,569.5254363,985.6575455
117,GROUNDNUT_YIELD,252.6060481,1555.2608,313.6544644,1618.500008
117,SESAMUM_YIELD,87.12548691,92.0915,109.1899852,182.8124287
117,RAPESEEDandMUSTARD_YIELD,516.8569772,176.9126984,541.7159994,190.0218204
117,SAFFLOWER_YIELD,0,0,0,0
117,CASTOR_YIELD,110.1333333,110.1333333,90.00986832,90.00986832
117,LINSEED_YIELD,3,3,23.76861189,23.76861189
117,SUNFLOWER_YIELD,386.0340915,104,395.8760724,116.2529182
117,SOYABEAN_YIELD,461.8806348,901.9301,467.8017034,796.5959277
117,OILSEEDS_YIELD,704.6378918,816.2897,608.1016718,835.086418
117,SUGARCANE_YIELD,416.3437711,7587.8829,688.4320301,7826.48718
117,COTTON_YIELD,198.1246021,219.8042,166.8152681,214.367935
117,FRUITS_AREA,1.882133059,0.583358333,3.016411567,3.31782789
117,VEGETABLES_AREA,0.685295977,0.166891667,1.856500217,3.14732767
117,FRUITSandVEGETABLES_AREA,2.606240168,0.750966667,4.003202621,4.14791617
117,POTATOES_AREA ,0.006900651,0.006265079,0.029450754,0.05
117,ONION_AREA,0.189773953,0.1742,0.193848127,0.16991553
117,FODDER_AREA,0,0,0,0
118,RiceYD,511.7873269,1208.7046,493.2497404,1129.762922
118,WheatYD,461.5754244,1306.385,387.3997396,1249.301111
118,KharifSorghumYD,117.0138275,679.2247,124.7523013,694.071666
118,RabiSorghumYD,272.3040161,627.3874,234.7614323,389.8684995
118,PEARL_MILLET_YIELD,0,0,0,0
118,MAIZE_YIELD,1068.581756,2062.5,950.3960525,2078.757125
118,FINGER_MILLET_YIELD,0,0,0,0
118,BARLEY YIELD,0,0,0,0
118,CHICKPEA_YIELD,220.0010213,668.2407,237.5345777,629.3300546
118,PIGEONPEA_YIELD,1126.05297,568.8305,1156.087927,459.2775195
118,MINOR PULSES AREA (1000 ha),5.827695085,9.165,6.768686862,12.09926213
118,MINOR_PULSES_PRODUCTION,2.891039511,3.9984,5.064924309,3.57871621
118,MINOR_PULSES_YIELD,119.3438235,397.0567,117.3140399,373.926954
118,GROUNDNUT_YIELD,437.5079921,892.8778,456.7370649,890.5604916
118,SESAMUM_YIELD,507.3570401,537.5,375.5503571,364.6934098
118,RAPESEEDandMUSTARD_YIELD,304.5346176,0,296.4214153,7.50444662
118,SAFFLOWER_YIELD,0,0,0,0
118,CASTOR_YIELD,416.0950566,333,399.6419563,281.1195532
118,LINSEED_YIELD,489.5270697,400.6273,778.9664028,930.7578516
118,SUNFLOWER_YIELD,152.372356,432.404,109.0023429,350.8976058
118,SOYABEAN_YIELD,514.6237967,586.2795,535.3867993,570.1110315
118,OILSEEDS_YIELD,404.6277055,581.7199,298.7281317,563.5842333
118,SUGARCANE_YIELD,1596.811871,6162.4885,1297.714917,4512.95012
118,COTTON_YIELD,285.7427092,274.1357,280.1605346,282.9742889
118,FRUITS_AREA,5.374661471,1.347750833,3.566069993,2.81448213
118,VEGETABLES_AREA,2.405588193,0.445728333,4.991913896,7.61983597
118,FRUITSandVEGETABLES_AREA,7.743529916,3.780689167,8.283974817,7.89384305
118,POTATOES_AREA ,0.005215714,0.005215714,0.001634055,0.00145377
118,ONION_AREA,0.159024925,0.0546,0.045351366,0.00774374
118,FODDER_AREA,0,0,0,0
119,RiceYD,407.3425393,1463.3241,462.4534935,1393.893048
119,WheatYD,131.5759789,1098.6196,103.5274397,1175.943059
119,KharifSorghumYD,0,0,0,0
119,RabiSorghumYD,0,0,49.79919679,49.79919679
119,PEARL_MILLET_YIELD,0,0,0,0
119,MAIZE_YIELD,1327.467652,2101.001,1245.590008,1895.936525
119,FINGER_MILLET_YIELD,0,0,0,0
119,BARLEY YIELD,0,0,0,0
119,CHICKPEA_YIELD,216.0534755,564.1509,222.8078705,568.2518824
119,PIGEONPEA_YIELD,704.7666399,711.4168,655.0203853,473.2630757
119,MINOR PULSES AREA (1000 ha),2.279825129,33.6641,2.274130641,30.26691772
119,MINOR_PULSES_PRODUCTION,4.987937106,11.5543,3.977641937,12.08945955
119,MINOR_PULSES_YIELD,138.6253978,407.809,98.9298381,425.7654806
119,GROUNDNUT_YIELD,492.7927218,799,598.7544203,641.9492071
119,SESAMUM_YIELD,101.9418123,309.7413,142.9428545,324.1308586
119,RAPESEEDandMUSTARD_YIELD,225.4579233,19.0112,284.1207096,20.41901845
119,SAFFLOWER_YIELD,0,0,0,0
119,CASTOR_YIELD,82.1952381,82.1952381,97.54594113,97.54594113
119,LINSEED_YIELD,75.19967691,233.1754,49.74575206,256.6998893
119,SUNFLOWER_YIELD,229.4171964,280.1666667,286.1831773,321.6999239
119,SOYABEAN_YIELD,517.897262,653.0077,472.5956266,719.2447499
119,OILSEEDS_YIELD,380.7467305,460.7033,385.4123982,419.734578
119,SUGARCANE_YIELD,569.1976019,6593.149,681.6567842,6805.597572
119,COTTON_YIELD,273.4792755,0,273.4792755,0
119,FRUITS_AREA,0.303390445,0.2103325,0.283495356,0.35153398
119,VEGETABLES_AREA,1.39730286,0.382224167,3.993471623,6.78122389
119,FRUITSandVEGETABLES_AREA,1.783788177,0.393708333,2.53349771,2.71557997
119,POTATOES_AREA ,0.079155287,0.0217925,0.067930563,0.05891285
119,ONION_AREA,0.088798536,0.0652,0.109315975,0.15040858
119,FODDER_AREA,0,0,0,0
120,RiceYD,341.3519458,946.7012,435.6787139,1018.729
120,WheatYD,159.5818324,848.6126,212.8649107,812.1981604
120,KharifSorghumYD,1047.861484,1367.5623,11073.15234,-5830.377925
120,RabiSorghumYD,157.5727244,573.1675,204.3102791,688.7587
120,PEARL_MILLET_YIELD,192.4481652,0,192.4481652,0
120,MAIZE_YIELD,401.8631201,1817.329,347.3580646,1795.923146
120,FINGER_MILLET_YIELD,0,0,0,0
120,BARLEY YIELD,0,0,0,0
120,CHICKPEA_YIELD,31.03897699,565.7845,92.57768362,441.3744929
120,PIGEONPEA_YIELD,728.615044,1047.3114,663.5098038,1148.398448
120,MINOR PULSES AREA (1000 ha),13.61529242,43.7211,9.050483376,39.78875108
120,MINOR_PULSES_PRODUCTION,3.256628961,16.0516,3.10427242,14.07152023
120,MINOR_PULSES_YIELD,107.4445681,346.0744,108.189461,310.5025419
120,GROUNDNUT_YIELD,802.6850069,1215.666667,762.4231829,2159.344146
120,SESAMUM_YIELD,65.99033357,174.4183,138.310849,90.15929212
120,RAPESEEDandMUSTARD_YIELD,295.8225716,0,298.7216153,84.07325511
120,SAFFLOWER_YIELD,0,0,0,0
120,CASTOR_YIELD,180.7632953,154.9993,178.033843,219.1603014
120,LINSEED_YIELD,66.74683737,253.914,107.6336846,300.64806
120,SUNFLOWER_YIELD,585.3355092,6.5517,563.0112767,55.72943252
120,SOYABEAN_YIELD,201.453102,809.742,225.6593711,851.0130339
120,OILSEEDS_YIELD,707.6049807,808.4057,701.7001702,831.774505
120,SUGARCANE_YIELD,3961.46745,1020.6,4035.842539,945
120,COTTON_YIELD,180.2447334,251.937,183.6246888,237.1165575
120,FRUITS_AREA,1.300142277,0.9821575,1.341962487,1.27839195
120,VEGETABLES_AREA,1.7647073,0.4635875,1.13461897,0.96137863
120,FRUITSandVEGETABLES_AREA,2.951215456,0.837648333,2.842700684,2.19067468
120,POTATOES_AREA ,0.056139881,0.056139881,0.053234701,0.04789193
120,ONION_AREA,0.302356677,0.109,0.199833382,0.17693493
120,FODDER_AREA,0,0,0,0
