DistCode,DistName,Year,RiceYD,WheatYD,KharifSorghumYD,RabiSorghumYD,PEARL_MILLET_YIELD,MAIZE_YIELD,FINGER_MILLET_YIELD,BARLEY YIELD,CHICKPEA_YIELD,PIGEONPEA_YIELD,MINOR PULSES AREA (1000 ha),MINOR_PULSES_PRODUCTION,MINOR_PULSES_YIELD,GROUNDNUT_YIELD,SESAMUM_YIELD,RAPESEEDandMUSTARD_YIELD,SAFFLOWER_YIELD,CASTOR_YIELD,LINSEED_YIELD,SUNFLOWER_YIELD,SOYABEAN_YIELD,OILSEEDS_YIELD,SUGARCANE_YIELD,COTTON_YIELD,FRUITS_AREA,VEGETABLES_AREA,FRUITSandVEGETABLES_AREA,POTATOES_AREA ,ONION_AREA,FODDER_AREA
96,Thane,2002,1138.18,1000,0,0,0,1000,406.25,0,657.14,518.52,11,6.1,554.55,2250,333.33,500,0,0,0,0,0,542.86,0,0,14.3,0.2,14.5,0.1,0,173.5
96,Thane,2003,2821.15,1000,0,0,0,2000,775,0,675.68,481.48,12.7,7.4,582.68,1250,333.33,366.67,0,0,0,0,0,475,0,0,14.7,0.2,14.9,0.1,0,0
96,Thane,2004,2378.72,1000,0,0,0,1000,1006.29,0,657.89,555.56,12.7,8.29,652.76,1250,333.33,500,0,0,0,0,0,485.71,0,0,18.2,0.1,18.3,0,0,0
96,Thane,2005,2226.52,1000,0,0,0,2000,910.83,0,658.54,593.75,14.5,8.84,609.66,1200,0,400,0,0,0,0,0,405.13,0,0,17.3,1,18.3,0,0,0
96,Thane,2006,1835.95,1000,0,0,0,2000,803.8,0,731.71,620.69,11.56,7.81,675.61,1200,300,450,0,0,0,0,0,402.7,0,0,0,0,0,0,0,0
96,Thane,2007,2199.5,1000,0,0,0,3000,727.85,0,804.88,758.62,10.9,5.77,529.36,1275,330,350,0,0,0,0,0,427.27,0,0,0,0,0,0,0,0
96,Thane,2008,2157.89,1000,0,0,0,3000,818.75,0,697.67,562.5,12.3,6.93,563.41,1600,272.73,400,0,0,0,0,0,466.67,0,0,0,0,0,0,0,0
96,Thane,2009,2097.84,800,0,0,0,3000,616.77,0,663.64,840,11.8,7.18,608.47,1750,355.56,590.91,0,0,0,0,0,422.65,0,0,0,0,0,0,0,0
96,Thane,2010,2028.78,1500,0,0,0,2900,506.33,0,865.12,460.64,11.3,6.47,572.57,1320,500,0,0,0,0,0,0,383.33,0,0,0,0,0,0,0,0
96,Thane,2011,2450,1000,0,0,0,2800,647.5,0,869.05,632.35,12.8,9.26,723.44,1400,500,0,0,0,0,0,0,413.51,0,0,14.21,2.62,16.83,0,0,0
96,Thane,2012,2599.86,0,0,0,0,0,788.65,0,680,148.15,10.06,5.12,508.95,2000,414.29,0,0,0,0,0,0,396.49,0,0,17.71,5.98,23.69,0,0,0
96,Thane,2013,2392.55,0,0,0,0,0,808.51,0,1181.82,535.71,10.5,4.5,428.57,0,285.71,0,0,0,0,0,0,482.76,0,0,0,0,0,0,0,0
96,Thane,2014,2475.15,0,0,0,0,0,690.48,0,826.09,407.41,10.3,6.2,601.94,1000,250,0,0,0,0,666.67,0,413.79,0,0,0,0,0,0,0,0
96,Thane,2015,2289.02,1000,0,0,0,3000,787.61,0,677.42,354.84,9.7,6.2,639.18,1764.71,532.26,0,0,0,0,285.71,0,321.43,0,0,0,0,0,0,0,0
96,Thane,2016,2828.18,2833.33,0,0,0,3571.43,1052.24,0,939.39,819.45,10.63,7.56,711.44,1000,238.76,500,0,0,0,608.19,0,0,0,0,0,0,0,0,0,0
96,Thane,2017,1856.37,1419.35,0,0,0,4000,1043.17,0,878.79,480,10.07,6.18,614.12,1320.51,545.45,0,0,0,0,514.29,0,0,0,0,0,0,0,0,0,0
97,Raigad,2002,2085.59,0,0,0,0,0,654.55,0,642.86,500,8.8,3.6,409.09,1333.33,333.33,1000,0,0,0,0,0,600,0,0,17,0.1,17.1,0,0,38.5
97,Raigad,2003,2827.2,0,0,0,0,0,872.73,0,692.31,500,9.8,4.2,428.57,1333.33,500,0,0,0,0,0,0,666.67,0,0,19.6,0.1,19.7,0,0,0
97,Raigad,2004,2234.59,0,0,0,0,0,761.47,0,666.67,545.45,9.9,4.57,461.62,1333.33,333.33,1000,0,0,0,0,0,800,0,0,20,0.1,20.1,0,0,0
97,Raigad,2005,2277.99,0,0,0,0,2000,770,0,666.67,636.36,11.8,5,423.73,1333.33,272.73,0,0,0,0,0,0,700,0,0,20.5,0.2,20.7,0,0,0
97,Raigad,2006,2378.97,0,0,0,0,2000,732.67,0,764.71,600,11.7,5.4,461.54,1666.67,500,400,0,0,0,0,0,780,0,0,0,0,0,0,0,0
97,Raigad,2007,2514.05,0,0,0,0,2500,740.38,0,789.47,727.27,11.9,5.58,468.91,1366.67,500,0,0,0,0,0,0,677.78,0,0,0,0,0,0,0,0
97,Raigad,2008,2719.58,0,0,0,0,3000,854.37,0,700,545.45,12.5,5.27,421.6,1666.67,500,400,0,0,0,0,0,780,0,0,0,0,0,0,0,0
97,Raigad,2009,2526.3,0,0,0,0,0,820.75,0,665,840,11.5,5.27,458.26,1333.33,250,444.44,0,0,0,0,0,629.21,0,0,0,0,0,0,0,0
97,Raigad,2010,2369.89,0,0,0,0,0,765.68,0,866.67,457.36,10.4,5.04,484.62,1233.33,500,0,0,0,0,0,0,560,0,0,0,0,0,0,0,0
97,Raigad,2011,2414.51,0,0,0,0,2850,857.66,0,872.22,630.77,10.4,5.23,502.88,1800,250,0,0,0,0,0,0,750,0,0,20.31,1.12,21.43,0,0.19,0
97,Raigad,2012,2606.18,0,0,0,0,0,821.62,0,0,146.67,12.66,6.05,477.88,1566.67,400,0,0,0,0,0,0,1275,0,0,17.81,5.06,22.87,0,0.2,0
97,Raigad,2013,2860.83,0,0,0,0,0,846.85,0,0,500,7.9,4,506.33,3000,0,0,0,0,0,0,0,2000,0,0,0,0,0,0,0,0
97,Raigad,2014,2799.68,0,0,0,0,0,950.62,0,0,416.67,11.8,8.2,694.92,3000,0,0,0,0,0,0,0,1500,0,0,0,0,0,0,0,0
97,Raigad,2015,2940.31,1000,0,0,0,0,1000,0,666.67,375,12.4,8.1,653.2,1500,300,0,0,0,0,0,0,857.14,0,0,0,0,0,0,0,0
97,Raigad,2016,2728.16,0,0,0,0,0,823.53,0,888.89,819.11,18.31,13,710.19,1500,359.09,0,0,0,0,0,0,0,0,0,0,0,0,0,0,0
97,Raigad,2017,2720.66,0,0,0,0,0,791.04,0,0,666.67,12.02,3.9,324.74,1626.02,0,333.33,0,0,0,0,0,0,0,0,0,0,0,0,0,0
98,Ratnagiri,2002,2038.05,0,0,0,0,1000,1076.19,0,0,500,12.9,5.3,410.85,2057.69,666.67,0,0,0,0,0,0,1493.51,0,0,117.9,0.2,118.1,0.2,0,143.2
98,Ratnagiri,2003,3058.71,0,0,0,0,2000,1586.54,0,0,500,13.3,6.2,466.17,1792.45,666.67,0,0,0,0,0,0,1341.77,0,0,133.6,0.3,133.9,0.3,0,0
98,Ratnagiri,2004,2571.16,0,0,0,0,1000,1167.49,0,0,500,13.1,6.28,479.39,1811.32,333.33,0,0,0,0,0,0,1320.99,0,0,137.3,0.3,137.6,0.3,0,0
98,Ratnagiri,2005,2690.19,0,0,0,0,2000,1189.57,0,0,666.67,12.6,5.83,462.7,1740.74,750,1000,0,0,0,0,0,1280.49,0,0,140.7,0.6,141.3,0.3,0,0
98,Ratnagiri,2006,2808.67,0,0,0,0,2000,1158.65,0,0,600,13.6,6.4,470.59,1578.95,666.67,0,0,0,0,0,0,1182.93,0,0,0,0,0,0,0,0
98,Ratnagiri,2007,2633.03,0,0,0,0,3000,1114.43,0,0,833.33,13.4,6.12,456.72,1784.75,666.67,500,0,0,0,0,0,1344.71,0,0,0,0,0,0,0,0
98,Ratnagiri,2008,2673.72,0,0,0,0,3000,1266.99,0,0,500,13.5,6.12,453.33,1406.78,666.67,400,0,0,0,0,0,1079.07,0,0,0,0,0,0,0,0
98,Ratnagiri,2009,2614.18,0,0,0,0,3000,1289.16,0,0,833.33,13.9,6.55,471.22,1472.41,350,333.33,0,0,0,0,0,1104.24,0,0,0,0,0,0,0,0
98,Ratnagiri,2010,2757.12,0,0,0,0,2925,1199.4,0,0,457.14,14.3,6.86,479.72,1581.03,500,0,0,0,0,0,0,1118.66,0,0,0,0,0,0,0,0
98,Ratnagiri,2011,2813.12,0,0,0,0,2800,1310.78,0,0,628.57,13.6,7.54,554.41,1584.31,333.33,0,0,0,0,0,0,1123.75,0,0,80.65,0.43,81.08,0,0,0
98,Ratnagiri,2012,2841.27,0,0,0,0,0,1293.78,0,0,140,6.28,3.84,611.46,1586.7,400,0,0,0,0,0,0,1107.83,0,0,111.23,3.08,114.31,0,0.06,0
98,Ratnagiri,2013,3032.91,0,0,0,0,0,1404.15,0,0,1000,8.4,5.8,690.48,1853.66,0,0,0,0,0,0,0,1391.67,8790.91,0,0,0,0,0,0,0
98,Ratnagiri,2014,3145.96,0,0,0,0,2000,1362.16,0,0,285.71,6,4.2,700,1515.15,0,0,0,0,0,0,0,1416.67,0,0,0,0,0,0,0,0
98,Ratnagiri,2015,2678.73,0,0,0,0,1333.33,1256.41,0,500,400,7.5,5.1,680,1515.46,142.86,0,0,0,0,0,0,1133.33,7735.71,0,0,0,0,0,0,0
98,Ratnagiri,2016,3195.78,0,0,0,0,3508.77,1454.55,0,0,818.59,7.06,4.81,681.16,1446.67,355.56,666.67,0,375,0,600,0,0,10046.01,0,0,0,0,0,0,0
98,Ratnagiri,2017,3093.02,0,0,0,0,0,1500,0,0,0,7.16,4.53,632.4,1921.4,300,750,0,0,0,0,0,0,5998.25,0,0,0,0,0,0,0
99,Nasik,2002,894.09,1414.29,1217.39,524.75,807.06,2611.94,611.9,0,554.49,755.56,45.5,29.4,646.15,956.04,428.57,500,250,227.51,0,363.64,1053.33,643.64,7094.42,211.11,17.5,33.2,50.7,0.9,32.2,50.7
99,Nasik,2003,1310.28,1163.38,666.67,458.33,620.9,2422.46,937.95,0,535.95,411.76,44.8,23,513.39,754.67,428.57,500,500,0,0,333.33,2247.19,714.32,5683.33,111.11,25,61.8,86.8,1,60.6,0
99,Nasik,2004,1381.89,1462.23,1230.77,523.81,775.7,2170.47,971.01,0,626.6,706.52,41.7,29.93,717.75,858.29,285.71,333.33,1000,0,0,571.43,1842.36,993.32,5561.16,241.13,25.9,78.5,104.4,1.1,77.19,0
99,Nasik,2005,1167,1651.56,945.95,585.94,763.17,2029.14,896.07,0,699.05,726.32,43.3,24.92,575.52,877.19,500,200,500,0,0,600,2000,1047.83,5101.4,337.93,35.5,40.4,75.9,1,37.92,0
99,Nasik,2006,1012.24,1637.34,800,700,724.56,1609.42,761.11,0,665.98,762.89,41.4,24.36,588.41,730.16,500,700,500,200,0,600,1501.59,902.37,6876.84,242.86,0,0,0,0,111.25,0
99,Nasik,2007,1351.78,1886.08,772.22,588.24,1096.83,2884.07,787.27,0,748.79,714.29,47.1,29.09,617.62,947.33,1000,750,900,250,0,666.67,1524.86,1037.31,8578.29,329.26,0,0,0,0,81.13,0
99,Nasik,2008,1285.16,1611.96,1272.73,584.27,965.13,2881.46,886.85,0,585.51,592.11,42.3,23.89,564.78,929.77,1000,250,0,0,0,666.67,1287.15,963.17,6982.77,220.36,0,0,0,0,0,0
99,Nasik,2009,391.68,1615.34,700,744.21,753.52,2266.39,467.03,0,700.51,420.21,36.26,17.37,479.04,754.84,200,500,0,300,0,433.33,1187.11,920.59,7292.93,253.66,0,0,0,0,0,0
99,Nasik,2010,406.6,1908.37,1166.67,706.67,1263.43,3235.66,445.45,0,767.24,617.82,38.2,25.37,664.14,861.94,0,0,0,350,0,266.67,1421.79,1058.68,7740.08,338.61,0,0,0,0,0,0
99,Nasik,2011,1236.88,1958.02,1330.51,711.43,1025.26,3170.28,908,0,711.87,757.8,37.6,29.42,782.45,1028.13,500,0,0,450,0,500,1391.47,1096.66,7565.85,348.94,97.43,143.56,240.99,0,131.35,0
99,Nasik,2012,1189.84,1641.05,1888.24,813.33,806.52,2944.99,984.96,0,687.11,634.74,38.99,29.04,744.81,872.35,428.57,0,0,272,0,272.73,1559.11,1096.64,7576.83,285.56,5.44,75.96,81.41,0.51,6.4,0
99,Nasik,2013,1285.12,1698.03,1985.07,654.76,1119.65,3850.21,941.5,0,655.5,702.97,31.4,34.78,1107.64,1037.01,0,0,0,333.33,0,1000,1578.24,1469.58,8507.14,394.35,0,0,0,0,0,0
99,Nasik,2014,1217.7,1535.91,0,725.49,713.16,2690.83,666.67,0,696.82,263.16,15.7,8.1,515.92,1015,0,0,1000,222.22,0,0,1421.4,1269.78,8239.29,175,0,0,0,0,0,0
99,Nasik,2015,1452.59,1351.67,875,586.21,572.75,2403.59,760.78,0,667.42,288.14,17,6.2,364.71,923.86,0,0,0,222.22,0,90.91,1163.88,1064.06,8058.95,111.78,0,0,0,0,0,0
99,Nasik,2016,2027.82,2242.42,1909.09,609.38,1598.08,4607.89,917.65,0,713.09,762.81,20.06,10.01,499.13,1646.46,375,0,0,333.33,500,407.41,1499.27,0,8614.48,610.92,0,0,0,0,0,0
99,Nasik,2017,2118.62,1988.3,1375,672.41,1464.47,4707.67,730.77,0,851.03,815.79,20.69,13.2,637.77,1377.89,303.03,1000,0,333.33,0,534.88,2038.61,0,8332.07,396.61,0,0,0,0,0,0
100,Dhule,2002,748,1254.55,1119.16,906.35,722.57,1444.44,718.75,0,653.51,278.64,88.1,47,533.48,793.62,280.99,1000,0,50,0,555.56,1451.61,728.9,6574.07,99.11,2.8,11.3,14.1,0,11.2,0.5
100,Dhule,2003,897.81,1617.98,1655.5,984.42,1078.28,2268.12,1083.33,0,715.36,355.62,94.1,68.6,729.01,1086.56,420.17,0,0,0,0,428.57,1548.39,980.76,6218.89,217.14,3.7,5.9,9.6,0,5.8,0
100,Dhule,2004,574.14,1641.34,1214.17,954.18,982.59,1739.33,1161.29,0,701.03,372.24,86,36.91,429.19,958.33,303.57,666.67,500,0,0,571.43,1403.51,875.99,6003.9,189.81,3.7,9.6,13.3,0,9.47,0
100,Dhule,2005,1447.58,1757.31,1182.46,913.98,631.51,1844.16,729.17,0,644.38,470.95,78.3,36.16,461.81,908.55,254.55,500,333.33,0,0,600,1288.89,834.19,6292.04,196.86,7.6,10.5,18.1,0,10.3,0
100,Dhule,2006,756.97,1793.84,1107.53,896.55,889.66,1543.52,642.86,0,687.5,466.67,83.1,37.62,452.71,888.3,275.23,800,333.33,214.29,0,600,911.29,793.95,6568.09,223.35,0,0,0,0,9.41,0
100,Dhule,2007,1367.72,2444.88,1907.04,1358.7,1166.36,2417.09,973.33,0,1093.9,771.43,84.9,47.46,559.01,1003.85,415.93,500,666.67,471.43,0,718.18,1407.41,1012.61,7046.63,379.53,0,0,0,0,15.75,0
100,Dhule,2008,965.12,1807.82,1332.64,1112.99,506.8,1672.92,588.24,0,842.95,541.98,61.6,21.76,353.25,721.62,157.89,266.67,500,0,0,692.31,1081.53,851.03,6633.33,183.29,0,0,0,0,0,0
100,Dhule,2009,645.76,2179.96,1263.93,1173.18,935.1,2255.83,600,0,1004.45,545.42,64.22,27.84,433.51,966.84,227.91,850,720,285.71,0,792.31,1168.94,1028.99,7173.43,282.32,0,0,0,0,0,0
100,Dhule,2010,1104.93,2255.66,1898.85,1346.7,1555.73,3032.75,1117.65,0,1011.07,779.52,65.9,52.77,800.76,1236.38,468.18,0,1050,375,0,610,1857.2,1497.15,7620,406.82,0,0,0,0,0,0
100,Dhule,2011,1355.31,2421.42,2003.81,1274.63,1107.11,2604.49,762.5,0,962.81,504.96,56.4,36.49,646.99,1051.08,352.63,0,0,350,0,1175,1737.88,1386.15,8431.85,279.99,19.84,21.83,41.67,0,18.38,0
100,Dhule,2012,1314.71,2166.83,1806.74,1106.44,923.64,2607.54,1312.5,0,852.58,413.75,54.73,39.2,716.24,936.7,545,0,0,216.67,0,0,1886.03,1386.62,7627.95,252.94,12.95,16.34,29.29,0,12.48,0
100,Dhule,2013,993.38,1794.76,1517.6,1382.13,1324.71,2778.82,1625,0,1112.01,580.95,49.6,23.04,464.52,1152.26,214.29,0,0,461.54,0,1000,1237.5,1158,7916.18,380.72,0,0,0,0,0,0
100,Dhule,2014,491.8,1810.02,1113.28,1296.44,818.7,2039.43,1300,0,757.28,330.58,47.3,16.9,357.29,874.49,321.43,0,500,200,0,1000,1086.05,954.86,7148,196.96,0,0,0,0,0,0
100,Dhule,2015,943.4,1624.06,972.5,981.04,591.54,1712.47,416.67,0,834.91,332.17,50.3,17.3,343.94,639.61,271.87,0,200,208.33,0,411.76,818.18,709.87,7400,179.23,0,0,0,0,0,0
100,Dhule,2016,1258.68,2125.85,1405.5,1261.68,795.12,2656.22,1109.89,0,2163.9,638.02,55.48,22.49,405.45,778.6,216.62,421.05,437.5,300.3,0,488.72,1537.8,0,9021.35,318.13,0,0,0,0,0,0
100,Dhule,2017,1315.48,2110.73,1499.19,1211.76,1291.66,3101.78,1366.73,0,1889.81,676.38,57.13,33.46,585.7,1128.44,271.12,400,500,500,0,581.17,1573.53,0,8431.68,346.42,0,0,0,0,0,0
101,Jalgaon,2002,888.89,1920.58,2114.82,1584.13,1017.3,2811.19,0,0,1019.89,730.92,113.4,76,670.19,1024.1,458.02,0,0,50,0,444.44,2529.41,755.5,7125,207.27,37.2,3.7,40.9,0,3.7,5.6
101,Jalgaon,2003,1222.22,1863.64,1870.07,1488.3,1034.04,3231.25,0,0,853.33,709.3,112.9,64.6,572.19,1045.98,400.67,0,0,0,0,500,2444.44,702.55,3383.85,228.15,37.9,5.3,43.2,0,5.3,0
101,Jalgaon,2004,1000,2023.44,1829.43,1587.79,974.4,2065.73,0,0,957.61,710.42,98.9,38.68,391.1,987.18,290.7,0,0,0,0,545.45,2117.65,779.54,6191.95,264.63,34.5,4.1,38.6,0,4.11,0
101,Jalgaon,2005,1500,1845.3,2012.91,1429.58,737.1,3249.15,0,0,865.83,696.25,102.4,42.01,410.25,1071.43,285.71,0,0,0,0,733.33,1815.07,871.34,6464.71,261.08,44.1,2.4,46.5,0,2.24,0
101,Jalgaon,2006,1000,2202.76,1899.61,1469.21,1060.72,2905.86,0,0,962.71,765.27,98.3,50.08,509.46,1196.43,371.21,750,0,250,0,620.69,1892.99,1118.59,6587.23,325.11,0,0,0,0,3.98,0
101,Jalgaon,2007,1400,2617.87,2269.78,1868.85,1012.63,2814.72,0,0,1115.79,775.92,107.2,61.2,570.9,1014.1,436.94,1000,666.67,250,0,696.77,1834.68,1121.71,6644.64,387.62,0,0,0,0,6.85,0
101,Jalgaon,2008,0,2044.3,1925.93,1402.9,1024.24,2554.22,0,0,989.17,615.94,87.1,38.2,438.58,1163.27,330.65,0,538.46,0,0,573.91,1867.4,1054.45,6536.75,305.15,0,0,0,0,0,0
101,Jalgaon,2009,450,2160.71,2021.08,1540.19,1086.45,2273.45,0,0,1144.68,725.68,85.83,40.92,476.76,1501.67,401.54,500,725,200,0,479.17,2187.43,1230.62,7035.42,281.58,0,0,0,0,0,0
101,Jalgaon,2010,0,2493.79,2311.94,1640.37,1391.06,3234.46,0,0,1164.16,891.25,88.7,60.5,682.07,1420.41,506.12,0,1040,400,0,492,2031.01,1143.46,7830.36,365.9,0,0,0,0,0,0
101,Jalgaon,2011,1500,2325.48,2346.76,1463.9,1426.04,3444.95,0,0,1302.21,785.21,80.6,56.68,703.23,1402.86,542.86,0,250,0,0,518.75,1997.47,1442.01,7321.43,322.4,47.83,4.86,52.69,0.03,2.92,0
101,Jalgaon,2012,0,2093.68,1938.06,1100.39,1034.09,2679.44,0,0,725,628.96,83.5,41.34,495.09,1286.21,376.71,0,233.33,200,0,341.46,1705.33,1225.29,6900.91,259.59,38.55,12.24,50.79,0,9.27,0
101,Jalgaon,2013,0,2561.27,2297.68,1568.09,1175.14,3481.14,0,0,1156.98,1108.7,82.2,55.8,678.83,1161.29,369.86,0,333.33,0,0,500,1766.67,1601.52,7548.72,484.47,0,0,0,0,0,0
101,Jalgaon,2014,0,1635.08,2235.51,1393.85,1221.05,2899.42,0,0,1054.26,525.64,58.8,32.2,547.62,1083.33,352.94,0,0,0,0,0,1416,1246.33,7007.59,293.48,0,0,0,0,0,0
101,Jalgaon,2015,0,1501.18,1244.66,1126.62,619.57,1751.51,0,0,947.05,496.77,59.6,18.81,315.6,711.11,193.55,0,0,230.77,0,200,553.46,536.76,7766,236.27,0,0,0,0,0,0
101,Jalgaon,2016,0,2013.28,2302.37,1577.71,1400,3392.21,0,0,1387.25,1082.12,63.19,44.79,708.8,1387.76,259.17,500,454.55,0,510,333.33,1876.11,0,9231.69,522.04,0,0,0,0,0,0
101,Jalgaon,2017,0,1907.32,1899.46,1717.51,1000,3569.91,0,0,1275.24,738.46,62.63,32.7,522.14,1108.03,343.08,1000,0,0,0,555.56,1637.42,0,8500.54,292.21,0,0,0,0,0,0
102,Ahmednagar,2002,229.73,1257.1,1000,237.02,727.56,1171.72,847.83,0,410.85,390.41,39.9,14.9,373.43,1198.28,142.86,0,315.79,100,200,392.59,1245.03,669.33,6686.23,130.56,5.2,18.2,23.4,0.5,17.4,60.4
102,Ahmednagar,2003,776.32,1007.65,2000,115.2,346.89,686.05,804.35,0,402.75,333.33,23.2,5.9,254.31,909.09,375,500,167.49,0,250,288.66,1033.52,538.33,4765.38,170.19,4,30.8,34.8,0.6,30,0
102,Ahmednagar,2004,725,1731.24,1000,474.41,596.26,1589.76,800,0,662.88,393.44,34.7,11.58,333.72,1054.05,333.33,0,596.15,0,181.82,540.15,1459.15,982.83,5892.94,285.53,12.6,48.8,61.4,0.6,47.88,0
102,Ahmednagar,2005,437.5,1491.76,1000,454.11,251.72,1407.02,793.1,0,686.59,342.34,21,5.82,277.14,1291.67,337.04,0,342.86,0,333.33,551.18,1034.67,806.17,7765.55,233.73,15.1,63.7,78.8,0.5,62.44,0
102,Ahmednagar,2006,785.71,1612.09,1000,518.55,610.5,1865.99,677.42,0,685.8,507.69,41.1,17.25,419.71,1243.06,300,300,543.86,0,300,489.8,1316.33,1002.3,6564.49,301.46,0,0,0,0,42.67,0
102,Ahmednagar,2007,1190.7,2071.05,1400,564.16,748.28,2756.72,888.46,0,690.72,541.1,45.8,24.5,534.93,1081.61,444.44,400,595.21,350,272.73,823.33,1525.27,1187.11,7825.96,349,0,0,0,0,40.78,0
102,Ahmednagar,2008,978.49,1586.11,1000,646.29,720.75,2938.42,1000,0,725.97,481.48,7.4,2.1,283.78,1392.86,1000,0,630.63,0,166.67,630.77,722.52,758.4,7180.39,267.45,0,0,0,0,0,0
102,Ahmednagar,2009,378.38,1667.88,0,673.51,605.09,2640.11,665.38,0,739.49,512.4,29.8,14.96,502.01,1187.5,383.33,500,765.77,200,216.67,376.77,917.59,849.41,8384.92,257.19,0,0,0,0,0,0
102,Ahmednagar,2010,937.33,1861.71,0,588.87,953.06,2782.4,921.43,0,815.71,642.61,38.7,25.47,658.14,1123.08,216.67,0,601.14,0,260,459.14,1791.32,1374.94,9140,369.62,0,0,0,0,0,0
102,Ahmednagar,2011,987.34,1843.87,0,283.55,971.85,2667.39,1160.71,0,612.14,500,21,10.53,501.43,1222.12,228.57,0,261.19,200,200,416.22,2093.86,1689.2,9173.13,361.43,28.43,0,28.43,0,0,0
102,Ahmednagar,2012,614.67,1184.83,0,150.61,344.92,1953.06,1103.57,0,364.48,228.42,17.06,2.76,161.78,694.82,200,0,50,150,125,325,494.01,488.9,7130.48,155.72,0,0,0,0,0,0
102,Ahmednagar,2013,2405.06,1940.27,0,703.51,1035.2,4314.84,1285.71,0,772.99,836.36,13.3,15.7,1180.45,983.87,250,0,125,250,500,571.43,1130.5,1230.93,8703.61,382.33,0,0,0,0,0,0
102,Ahmednagar,2014,255.81,1486.01,0,630.75,579.03,2396.11,1100,0,739.58,197.8,16.9,10.2,603.55,864.41,0,0,0,0,0,444.44,616.84,620.74,9640.16,169.69,0,0,0,0,0,0
102,Ahmednagar,2015,1228.57,1218.98,0,228.28,249.18,1590.91,1000,0,401.92,236.56,48.5,3.5,72.16,491.23,0,0,166.67,300,0,203.7,484.11,475.1,5878.2,95.38,0,0,0,0,0,0
102,Ahmednagar,2016,1746.67,2120,214.29,498.58,1023.22,3608.82,1000,0,815.74,1003.19,69.29,32.56,469.87,1351.85,209.82,153.85,75,333.33,0,826.64,801.92,0,6857.9,189.52,0,0,0,0,0,0
102,Ahmednagar,2017,2302.47,2224.31,625,543.45,1005.02,3086.29,1000,0,798.06,993.63,80.16,29.03,362.09,1240.62,323.53,425.23,400,201.83,340,552.89,1465.83,0,10831.86,299.01,0,0,0,0,0,0
103,Pune,2002,693.24,1265.84,533.33,346.74,698.14,1912.75,858.33,0,507.33,473.68,31.1,11.3,363.34,1024.44,137.93,333.33,427.71,100,1000,406.25,1750,796.61,8766.36,450,4.4,29.4,33.8,7.5,21.6,121.6
103,Pune,2003,1402.32,1224.23,1586.21,243.05,696.91,1740.38,800,0,509.32,666.67,17.3,6.5,375.72,1176.1,250,0,43.48,0,250,280,3333.33,995.06,6959.6,500,8.2,29.5,37.7,6.8,22.5,0
103,Pune,2004,1258.88,1655.24,1062.5,532.12,726.03,2205.23,808.82,0,650.51,973.68,30.6,8.3,271.24,994.29,344.83,333.33,193.55,0,500,575.76,3000,882.87,8375.53,300,25.6,39.8,65.4,6.9,32.74,0
103,Pune,2005,1144.19,1841.76,1031.25,492.91,721.47,2212.12,803.15,0,676.77,513.51,30.7,10.25,333.88,974.61,272.73,400,732.39,0,1000,536.59,2111.11,894.87,9360.78,500,28.5,44.5,73,7.2,32.93,0
103,Pune,2006,1078.25,1812.07,633.33,512.07,630.72,2325.14,688.41,0,698.75,487.18,36.16,15.54,429.76,855.19,236.84,466.67,429.82,350,500,545.45,1894.74,744.53,8788.49,300,0,0,0,0,26.95,0
103,Pune,2007,1245.22,2111.72,800,538.48,860.7,2721.69,889.6,0,684.88,461.54,32.8,16.31,497.26,1165.19,328.12,1000,597.7,0,1000,737.84,1733.33,1030.98,9748.27,300,0,0,0,0,30.37,0
103,Pune,2008,1233.66,1844.01,1142.86,641.74,782.61,2424.14,1010.99,0,753.16,578.95,19.2,7.29,379.69,1037.25,333.33,1000,347.83,0,0,666.67,1541.67,948.59,9734.58,500,0,0,0,0,0,0
103,Pune,2009,817.57,1540.44,1053.54,738.19,736.3,2531.74,665.96,0,786.51,623.81,19.4,9.09,468.56,1049.23,205,500,278.79,200,0,573.08,1415.15,924.29,9531.49,0,0,0,0,0,0,0
103,Pune,2010,1180.95,1932.17,949.43,737.46,884.77,2786.35,913.92,0,949.4,609.76,29.41,16.95,576.33,1351.87,223.81,0,386,200,0,586.67,1982.76,1174.14,9940,1000,0,0,0,0,0,0
103,Pune,2011,1380.65,1908.86,1003.64,582.09,802.76,3202.21,1159.22,0,931.92,527.59,22.3,10.67,478.48,1144.69,288.89,0,250,0,0,590,2107.69,1126.95,10129.02,0,11.74,47.84,59.58,6.95,32.52,0
103,Pune,2012,1368.04,1770.19,855,491.19,464.44,2619.35,1103.77,0,713.23,170.59,16.1,6.25,388.2,970.63,205.56,0,50,0,0,409.52,1933.33,955.1,10085.98,0,37.83,25.31,63.14,9.65,0.33,0
103,Pune,2013,1866.02,2020.22,843.75,631.16,835.34,2880.88,1283.02,0,814.23,571.43,6.9,1,144.93,966.73,307.69,0,0,0,0,562.5,3884.06,1400,11788.4,0,0,0,0,0,0,0
103,Pune,2014,1657.73,1508.36,485.71,490.87,834.92,3705.56,1090.91,0,864.77,233.33,16.4,6.9,420.73,1106.95,0,0,750,0,0,555.56,1647.89,1117.38,10824.65,0,0,0,0,0,0,0
103,Pune,2015,1965.2,2090.32,714.29,447.65,710.14,2373.66,843.75,0,855.57,461.54,32.1,6.5,202.49,1519.53,95.89,0,0,200,0,173.91,2919.25,1965.83,10376.18,0,0,0,0,0,0,0
103,Pune,2016,2157.01,2397.68,222.22,351.33,730.26,6042.25,828.57,0,1074.53,872.53,35.74,12.9,360.87,1293.58,259.41,0,0,0,0,872,2127.78,0,9458.41,0,0,0,0,0,0,0
103,Pune,2017,2384.62,2447.51,941.18,731.42,721.88,3097.53,814.81,0,1137.28,650,36.53,11.73,320.99,1065.2,313.99,400,0,100,0,541.48,2021.65,0,11729.36,0,0,0,0,0,0,0
104,Satara,2002,1568.28,1379.6,1615.5,433.83,407.12,2082.71,1078.65,0,300,388.06,47.4,24.3,512.66,1276.14,250,500,204.55,0,0,407.41,1974.36,1293.16,9305.26,194.44,0.7,17.2,17.9,5.3,11.6,45.4
104,Satara,2003,1660.63,1444.92,1427.1,619.34,261.8,1952,1782.18,0,572.52,289.47,37.6,13.1,348.4,1503.37,250,250,117.65,0,0,222.22,1649.01,1437.73,6728.75,250,3.2,7.9,11.1,5.3,2.4,0
104,Satara,2004,1653.06,1792.65,1726.13,861.59,850.38,1830.43,824.18,0,834.71,433.33,47.3,24.89,526.22,1457.63,200,166.67,619.05,0,0,547.62,1837.12,1461.39,8083.19,166.67,3.3,15.2,18.5,5.2,9.81,0
104,Satara,2005,1683.49,1875,831.4,718.71,324.14,1466.67,547.62,0,687.97,347.83,47.1,16.16,343.1,900,250,160,166.67,0,500,545.45,1236.42,957.94,8878.66,155.32,5.1,12.4,17.5,5.3,6.89,0
104,Satara,2006,2073.33,1812.06,634.06,803.61,291.12,1624.52,715.91,0,622.58,508.47,49.2,13.48,273.98,836.01,400,183.33,500,0,1000,500,1083.62,873.84,8368.28,187.5,0,0,0,0,10.9,0
104,Satara,2007,2064.52,2170.9,1677.93,1026.67,576.69,1734.38,649.35,0,668.87,461.54,56.6,28.88,510.25,1437.03,666.67,0,253.33,0,1000,736.84,1764.71,1475.93,8446.71,575,0,0,0,0,7.11,0
104,Satara,2008,2199.2,1718.91,1828.57,794.9,515.62,2032.59,445.95,0,728.57,444.44,30.55,12.92,422.91,1488.93,1000,250,454.55,0,0,727.27,2154.11,1679.78,8392.86,185.71,0,0,0,0,0,0
104,Satara,2009,1519.76,1643.1,1508.33,896.58,484.38,2504.49,791.78,0,602.5,1009.52,50.1,20.59,410.98,1351.03,350,260,476.92,0,200,460,2001.54,1532.49,8944.61,118.75,0,0,0,0,0,0
104,Satara,2010,1618.9,1978.95,1706.28,786.02,783.07,1983.74,1086.42,0,813.04,347.17,49.8,26.71,536.35,1634.14,250,0,440.91,0,300,460,1630.92,1563.08,9410,143.75,0,0,0,0,0,0
104,Satara,2011,1643.56,1853.01,1793.39,620.16,638.13,2033.18,1072.97,0,663.74,273.91,35.8,16.82,469.83,1473.99,300,0,390.91,0,200,485.71,1626.46,1502.58,9862.04,290,25.25,26.58,51.84,8.16,9.05,0
104,Satara,2012,1373.33,1672.57,1735.69,571.76,460.12,1580.94,876.25,0,555.51,146.67,13.5,4.88,361.48,1324.26,200,0,400,200,0,383.33,1786.6,1486.04,9327.26,600,26.13,20.56,46.69,4.51,5.01,0
104,Satara,2013,1500,1840.24,1777.78,813.04,516.56,2641.73,1150,0,797.67,500,30.5,15.6,511.48,1649.43,0,0,1000,333.33,0,583.33,2046.25,1884.49,10058.86,450,0,0,0,0,0,0
104,Satara,2014,1790.17,1603.13,1534.19,872.94,401.82,1964.29,1015.15,0,759.53,307.69,33.3,16.2,486.49,1639.38,0,0,2000,0,0,461.54,1703.56,1640.32,9896.29,200,0,0,0,0,0,0
104,Satara,2015,1512.33,1649.83,1229.84,790.19,363.02,2016.13,1058.82,0,777.78,100,55.57,25.73,463.07,1442.92,100,0,400,333.33,0,300,1606.69,1515.92,9663.82,100,0,0,0,0,0,0
104,Satara,2016,1746.81,2000,1036.89,727.27,732.32,2188.73,977.78,0,800,377.47,52.15,26.15,501.35,1379.07,250,200,1000,300,0,652.98,1812.5,0,12437.56,360,0,0,0,0,0,0
104,Satara,2017,1812.23,2018.82,1373.44,912.15,505.93,2886.48,1133.33,0,932.26,176.47,48.17,45.2,938.32,1446.35,300,400,1000,208.33,0,522.76,1843.62,0,9900.05,211.76,0,0,0,0,0,0
105,Sangli,2002,1535.14,1272.32,555.45,375.83,147.52,1453.49,1400,0,554.72,383.18,43.4,3.54,81.57,713.14,0,500,208.33,0,0,443.18,1673.67,1214.41,8873.42,186.67,8.8,2.2,11,0.2,1.7,35.1
105,Sangli,2003,2532.05,1611.11,305.12,220.98,35.71,2333.33,1750,0,600,293.1,13.6,0.8,58.82,710.06,1000,366.67,117.65,0,0,183.67,1963.24,1440.83,7964.39,250,6.4,0.6,7,0.2,0.2,0
105,Sangli,2004,2497.18,1707.48,1817.38,530.68,480.13,2015.19,1250,0,628.38,439.39,45.9,19.2,418.3,772.04,333.33,166.67,619.05,0,0,554.55,1817.19,1408.14,8390.82,23.08,6.6,1,7.6,0.3,0.52,0
105,Sangli,2005,2182.32,1603.85,869.49,485.84,370.62,2357.14,1250,0,689.66,346.46,38.7,21.33,551.16,671.27,333.33,350,181.82,0,0,543.48,1353.59,1052.58,8142.39,151.85,8.8,2.4,11.2,0.2,1.04,0
105,Sangli,2006,1596.69,1611.49,757.68,587.39,377.56,1221.15,1000,0,645.27,510.95,48.3,30.12,623.6,571.82,200,500,478.26,250,0,500,1478.62,1054.36,9312.73,200,0,0,0,0,1.11,0
105,Sangli,2007,2332.09,1959.73,830.77,650.79,396.77,2397.08,1300,0,923.08,468.97,50.6,28.66,566.4,999.22,250,400,238.1,0,0,718.75,2149.58,1566.16,10123.65,563.16,0,0,0,0,1.05,0
105,Sangli,2008,2069.52,1841.46,648.51,583.33,72,2294.29,1000,0,644.13,435.9,11.8,3.79,321.19,712.26,1000,260,484.85,0,0,610.39,2152.6,1598.53,9092.24,180,0,0,0,0,0,0
105,Sangli,2009,1875.4,1675.51,851.05,600,336.6,2333.72,1400,0,830,1009.64,20.25,7.64,377.28,1079.39,400,257.14,478.57,0,0,505.83,1515.36,1213.43,8575.47,120,0,0,0,0,0,0
105,Sangli,2010,2666.83,1855.73,1246.56,570.27,834.45,3075.21,1538.46,0,925.81,347.56,46.5,32.13,690.97,1286.06,266.67,0,440.28,0,0,546.05,2086.74,1614.55,10290.04,198.86,0,0,0,0,0,0
105,Sangli,2011,1861.88,1701.5,750.66,236.4,243.35,2048.4,1400,0,766.52,272.73,22.6,6.89,304.87,911.48,300,0,396.3,0,0,485.29,1670.9,1377.12,10160.85,293.33,36.08,4.45,40.52,0,0.87,0
105,Sangli,2012,1928,1814.93,475.99,235.68,217.19,1866.76,0,0,601.26,148.15,15.1,3.39,224.5,778.32,300,0,100,250,0,400,1597.14,1299.24,11641.02,569.23,50.96,4.64,55.6,0.14,0.87,0
105,Sangli,2013,1758.62,1965.65,862.46,572.15,297.52,2390.4,0,0,744.53,523.81,31.2,18.7,599.36,1119.4,200,0,534.15,333.33,0,513.79,2070.04,1507.83,11927.64,400,0,0,0,0,0,0
105,Sangli,2014,2025.81,2181.54,1067.18,672.88,762.93,3827.59,0,0,977.86,289.86,27.7,15.2,548.74,1034.59,0,0,1294.12,500,0,523.81,1303.28,1140.75,10882.01,178.57,0,0,0,0,0,0
105,Sangli,2015,1920.35,1687.5,469.39,413.26,238.94,1922.91,0,0,627.8,113.21,22.8,5.3,232.46,747.51,0,0,336.84,333.33,0,140,1543.52,1218.68,9628.45,90,0,0,0,0,0,0
105,Sangli,2016,2553.57,2484.37,1003.03,515.39,712.56,3057.81,0,0,833.92,377.32,38.15,24.75,648.82,1282.21,250,0,750,0,600,441.77,2216.4,0,10792.86,540,0,0,0,0,0,0
105,Sangli,2017,2311.76,1984.06,834.57,623.12,147.96,2419.03,0,0,914.97,297.3,36.44,7.64,209.71,1203.58,909.09,714.29,600,370.37,0,584.26,1665.96,0,10660.05,141.73,0,0,0,0,0,0
106,Solapur,2002,600,1276.86,545.45,335.37,378.49,1749.08,0,0,432.6,345.86,21.8,6.4,293.58,677.97,333.33,500,273.89,250,166.67,443.8,714.29,419.62,7184.4,290.91,3,6.5,9.5,0.1,6,20.7
106,Solapur,2003,500,431.82,250,46.6,381.44,331.08,0,0,182.14,90.91,5.3,2,377.36,428.57,1000,0,82.71,0,333.33,129.63,1166.67,151.83,5826.13,236.36,4,1.6,5.6,0.1,1.2,0
106,Solapur,2004,250,1121.76,750,440.53,572.52,1388.09,0,0,489.58,348.1,24.1,10.52,436.51,909.09,250,0,520,0,250,548.3,2238.1,643.84,7313.89,340,4.4,5.7,10.1,0.1,5.2,0
106,Solapur,2005,250,1174.87,750,510.75,452.7,1677.63,0,0,760.82,312.17,8.3,5.22,628.92,991.45,225.81,0,384,0,250,530.67,727.27,587.13,8287.7,275,14,6.4,20.4,0.1,5.07,0
106,Solapur,2006,250,1237.75,500,481.09,280,1481.19,0,0,609.34,512.37,27.3,8.51,311.72,932.2,333.33,0,427.35,300,200,509.7,1571.43,604.6,8512.33,288.89,0,0,0,0,6.73,0
106,Solapur,2007,1100,1470.67,800,568.95,423.26,1654.05,0,0,769.23,431.91,24.9,17.65,708.84,997.5,333.33,0,466.67,300,250,671.48,1392.86,730.6,7927.44,463.64,0,0,0,0,4.52,0
106,Solapur,2008,1000,1338.66,1000,590.55,444.44,2108.68,0,0,732.47,391.3,2.1,1.16,552.38,1395.06,1000,0,671.05,0,333.33,598.33,920,778.04,8471.83,300,0,0,0,0,0,0
106,Solapur,2009,100,1318.03,400,609.4,363.89,2624.81,0,0,780.71,298.71,6.3,1.83,290.48,1257.89,100,0,643.02,0,225,466.8,871.87,687.23,9256.85,285.71,0,0,0,0,0,0
106,Solapur,2010,328.57,1400.23,400,593.5,521.74,2186.23,0,0,664.01,373.21,17.6,10.11,574.43,1080.52,225,0,640.54,1000,275,524.35,1230.23,692,9809.99,494.44,0,0,0,0,0,0
106,Solapur,2011,285.71,1190.78,700,399.85,393.94,2059.55,0,0,660.89,374.07,6.8,4.5,661.76,1014.75,300,0,287.5,300,200,486.21,2400,875.39,9190.43,455.56,72.1,29.73,101.84,0.06,23.37,0
106,Solapur,2012,225,757.29,225,276.41,380.95,1576.58,0,0,418.39,335.64,6.7,3.02,450.75,1083.33,200,0,488.89,0,100,431.08,2087.27,862.72,6738.28,560,14.05,19.35,33.4,0,15,0
106,Solapur,2013,250,1002.8,400,538.18,349.21,2209.93,0,0,556.5,489.36,91,55.9,614.29,1180,333.33,0,466.67,0,500,735.29,1800,1168.04,8554.81,260,0,0,0,0,0,0
106,Solapur,2014,250,1293.84,333.33,568.56,400,2611.76,0,0,749.37,478.72,7.5,3.9,520,1189.66,500,0,904.76,0,0,585.37,1174.6,788.89,9756.54,366.67,0,0,0,0,0,0
106,Solapur,2015,0,697.34,0,175.41,229.73,1352.7,0,0,294.76,164.84,29.2,6.11,209.25,828.57,363.64,0,250,333.33,100,229.89,169.01,267.38,5988.2,144.44,0,0,0,0,0,0
106,Solapur,2016,215,1338.73,400,549.4,349.44,1657.14,500,0,674.34,560.53,26.6,14.36,539.77,1107.84,272.73,133.33,575.76,266.67,666.67,352.51,367.15,0,7355.23,274,0,0,0,0,0,0
106,Solapur,2017,116.67,1191.12,0,563.37,340.56,2059.39,0,0,675.47,627.52,36.99,7.1,191.85,1077.22,351.09,200,500,200,350,517.12,1148.03,0,10415.55,240,0,0,0,0,0,0
107,Kolhapur,2002,2212.06,1788.24,1824.18,1591.84,0,1782.05,1408.51,0,776.86,384.62,13.2,4.7,356.06,1626.47,0,0,0,0,0,750,1938.21,1745.08,8557.93,200,6.3,3.3,9.6,0.5,1.2,101.9
107,Kolhapur,2003,2322.73,2023.26,1610.39,1384.62,0,1974.68,1575.76,0,786.32,285.71,13.2,4.8,363.64,1744.36,0,0,0,0,0,833.33,1961.88,1817.66,5659.84,200,4.8,2.5,7.3,0.5,0.1,0
107,Kolhapur,2004,2531.95,2108.7,2150,1525.42,0,2631.18,1277.31,0,878.5,437.5,11.9,6.12,514.29,1691.3,0,0,0,0,0,1250,1551.54,1596.05,8590.79,0,6,2.7,8.7,0.5,0.38,0
107,Kolhapur,2005,2275.48,2030.3,1187.5,1316.67,0,1977.01,1330.58,0,771.74,354.84,13.3,5.83,438.35,1270.15,250,0,0,0,0,1200,957.2,1099.71,7650.05,200,4.7,3,7.7,0.5,0.59,0
107,Kolhapur,2006,2594.2,2086.02,1076.92,1411.76,0,1762.28,1317.6,0,752.81,500,12.8,6.53,510.16,1064.94,1000,0,0,200,0,1090.91,1431.78,1226.61,8065.19,300,0,0,0,0,0.77,0
107,Kolhapur,2007,3004.62,2390.48,1822.62,1614.17,0,2657.76,1493.51,0,939.39,464.29,12.5,7.3,584,1665.75,1000,0,0,300,0,1036.36,2198.95,1895.62,8553.64,200,0,0,0,0,0.8,0
107,Kolhapur,2008,2510.49,2479.17,2091.95,1551.18,0,2365.35,1321.89,0,742.57,458.33,11.9,3.78,317.65,1490.91,0,0,0,0,0,1000,2185.69,1804.26,8254.93,300,0,0,0,0,0,0
107,Kolhapur,2009,2588.44,2277.22,2090.79,1320.31,0,2556.36,1541.48,0,875.56,1011.11,12.48,5.48,439.1,1418.45,0,0,0,250,0,1168.75,1937.56,1656.05,8704.53,300,0,0,0,0,0,0
107,Kolhapur,2010,2885,2655.81,1887.5,1597.86,0,2215.52,1858.45,0,836.47,345.83,10.9,5.36,491.74,1527.05,0,0,0,300,0,1258.33,2786.99,2065.21,9000,400,0,0,0,0,0,0
107,Kolhapur,2011,2677.6,2482.35,2272.97,1631.36,0,2876.72,1453.27,0,1263.33,272,9.1,3.33,365.93,1314.56,0,0,0,300,0,1300,2543.92,1876.57,8793.43,0,2.89,2.2,5.08,0.6,0.06,0
107,Kolhapur,2012,2617.14,2193.41,2456.16,1347.27,0,1900,1619.63,0,1104.08,144.44,6.6,1.42,215.15,1392.21,0,0,0,200,0,1533.33,2601.63,1952.17,9675.42,0,27.65,4.81,32.46,0.63,0.06,0
107,Kolhapur,2013,3118.61,2512.05,1848.48,1536.95,0,2545.45,1502.28,0,1192.98,500,5.4,3.7,685.19,1774.25,0,0,0,333.33,0,1090.91,2392.24,1993.17,10044.53,0,0,0,0,0,0,0
107,Kolhapur,2014,3028.62,2220.59,1816.67,1584.8,0,3105.26,1599.06,0,904.76,266.67,6.7,2.9,432.84,1545.96,0,0,0,333.33,0,1333.33,2164.29,1846.7,10274.5,0,0,0,0,0,0,0
107,Kolhapur,2015,2460.85,2250,1771.93,1219.3,0,2647.06,1312.5,0,833.33,133.33,5.32,2.65,499.06,1596.8,0,0,0,0,0,1390.8,1899.63,1739.68,9014.25,0,0,0,0,0,0,0
107,Kolhapur,2016,3483.36,2255.81,1633.33,2158.94,0,3700,1663.59,0,842.7,376.99,7.92,3.97,501.2,1895.71,269.23,200,0,0,0,630.51,2358.63,0,9423.89,0,0,0,0,0,0,0
107,Kolhapur,2017,3054.2,2321.43,1755.1,1515.87,0,2911.88,1596.24,0,851.85,150,10.17,3.09,303.46,1511.93,333.33,0,0,0,0,943.79,2138.4,0,10269.97,166.15,0,0,0,0,0,0
108,Aurangabad,2002,250,1385.25,1401.96,748.35,909.86,2337.09,0,0,628.32,476.14,111.1,66.9,602.16,752.58,311.83,230.77,505.49,222.22,205.88,445.83,1606.74,578.72,6632.14,167.05,15.9,2.5,18.4,0.2,2.3,4.9
108,Aurangabad,2003,384.62,1292.34,1321.84,433.9,914.37,2322.71,0,0,435.74,378.35,105.2,59.9,569.39,529.41,254.9,287.5,428.57,0,275,349.28,1288.34,528.99,4566.88,160.85,13.9,0.6,14.5,0.2,0.4,0
108,Aurangabad,2004,500,1334.53,1086.96,688.94,855.59,1848.72,0,0,594.29,468.06,97.5,32.54,333.74,716.81,220.93,181.82,717.81,0,209.3,502.06,944.44,639.04,7868.18,208.21,26.3,3.2,29.5,0.2,3.02,0
108,Aurangabad,2005,1000,1570.99,1305.56,798.24,1094.89,2483.57,0,0,709.79,598.99,75.8,36,474.93,721.15,254.9,250,975.31,0,250,425,1185.57,824.21,6525.71,216.28,22.4,3.3,25.7,0.2,2.76,0
108,Aurangabad,2006,1000,1863.92,1488.48,1012.45,1103.73,2521.27,0,0,854.52,869.11,86.1,42.6,494.77,759.26,207.32,213.33,835.16,337.5,260.87,504,1290.64,829.91,8927.64,330.17,0,0,0,0,2.79,0
108,Aurangabad,2007,0,2092.77,1357.76,1058.73,1174.71,2949.52,0,0,887.5,828.19,87,49.79,572.3,990.38,189.66,300,829.6,437.5,303.03,554.27,1362.59,943.65,7765.82,396.83,0,0,0,0,3.26,0
108,Aurangabad,2008,0,1729.17,1232.88,931.26,889.99,2352.65,0,0,767.3,651.13,41.6,10.75,258.41,808.51,136.36,0,732.76,0,130.43,524.27,644.5,631.93,7303.69,259.88,0,0,0,0,0,0
108,Aurangabad,2009,0,1892.32,1362.31,1064.53,979.75,2475.73,0,0,863.07,804.58,61.85,18.26,295.23,892.45,219.64,0,559.91,300,192.86,569,1155.63,847.01,8956.6,301.24,0,0,0,0,0,0
108,Aurangabad,2010,2000,1977.21,1772.57,764.49,1302.82,3412.86,0,0,872.44,943.36,71,50.04,704.79,855.41,270,0,701.74,425,390,522.89,1690,1315.82,7399.53,442.47,0,0,0,0,0,0
108,Aurangabad,2011,0,1703.63,1794.04,745.69,1211.8,3057.72,0,0,705.61,636.6,40.1,20.35,507.48,803.23,185.71,0,628.95,0,200,534.62,1484.73,1336.44,7761.86,303.12,49.18,11.56,60.75,0.11,8.14,0
108,Aurangabad,2012,0,792.21,1070.67,480.46,620.4,1904.01,0,0,226.38,276.12,36.73,5.15,140.21,550.75,241.67,0,214.29,205.88,0,400,703.85,656.01,5193.84,144.65,60.06,6.33,66.39,9.65,0.34,0
108,Aurangabad,2013,0,1502.21,1615.38,780.36,1218.03,3855.04,0,0,805.16,1020.6,87.9,72.5,824.8,1085.45,333.33,0,2031.82,400,0,490.91,1580.72,1520.83,7625.98,428.54,0,0,0,0,0,0
108,Aurangabad,2014,0,949.06,416.67,394.78,465.01,843.83,0,0,335.27,257.18,73.1,12.6,172.37,244.9,0,0,333.33,0,0,0,381.25,375.37,5542,101.3,0,0,0,0,0,0
108,Aurangabad,2015,0,949.77,363.64,312.71,378.02,1043.54,0,0,334.2,243.69,71.2,8.3,116.58,387.26,95.24,0,250,266.67,0,43.48,474.13,465.6,4842.51,101.69,0,0,0,0,0,0
108,Aurangabad,2016,476.92,1915.06,1241.38,979.12,1033.83,3148.23,0,0,1147.51,1243.14,87.9,62.41,710,873.42,182.95,227.27,500,150,266.67,177.22,1425.76,0,4777.95,393.84,0,0,0,0,0,0
108,Aurangabad,2017,0,1489.82,1384.57,701.13,671.64,2026.58,0,0,692.31,804.73,50.97,12.69,248.96,711.11,149.51,215,937.5,172.22,0,794.52,649.72,0,5741.29,132.56,0,0,0,0,0,0
109,Parbhani,2002,553.36,1483.44,1484.09,755.62,846.15,1068.97,0,0,623.38,619.62,153.3,84.42,550.68,1260.87,380.28,250,525.99,157.14,241.38,628.68,1618,932.71,6641.74,173.08,11.7,0.8,12.5,0.1,0.6,1.9
109,Parbhani,2003,439.79,1351.28,1364.79,617.21,722.22,677.42,0,0,523.87,587.53,136.7,75.9,555.23,1069.44,298.85,228.57,533.73,0,190.48,638.06,1562.66,1139.3,6110.66,223.87,13.8,0.7,14.5,0.1,0.5,0
109,Parbhani,2004,276.84,1070.51,762.55,437.4,557.52,1048.28,0,0,390.28,438.91,131.4,37.83,287.9,666.67,182.93,400,322.44,0,454.55,446.97,752.53,597.28,5830.38,150.5,18.4,1,19.4,0.1,0.84,0
109,Parbhani,2005,365.22,1350.9,1192.46,658.81,632.35,1172.41,0,0,617.68,653.58,89.3,35.96,402.69,994.01,264.71,260,525.75,0,260.87,554.82,1204.23,955.38,6894.65,208.69,19.4,1.6,21,0.1,0.78,0
109,Parbhani,2006,429.75,1537.25,932.43,847.02,571.43,1362.79,0,0,734.27,722.29,111.6,32.47,290.95,1076.5,160.71,200,597.03,1000,291.67,581.48,981.38,838.64,7687.08,283.36,0,0,0,0,0.77,0
109,Parbhani,2007,419.47,1925.64,1498.76,950.44,680,1437.5,0,0,767.33,947.89,138.9,93.27,671.49,1070.31,203.7,240,705.96,257.14,315.79,783.87,1623.97,1283.36,7117.76,507.91,0,0,0,0,0.54,0
109,Parbhani,2008,349.21,1529.2,1158.01,904.84,718.75,1119.51,0,0,592.27,628.85,102,32.53,318.92,1061.22,170.73,240,566.61,0,214.29,586.83,691.03,650.65,6090.2,299.48,0,0,0,0,0,0
109,Parbhani,2009,351.16,1314.67,955.42,844.43,523.53,943.24,0,0,671.5,746.1,77,18.8,244.16,1181.82,239.58,316.67,636.7,166.67,222.22,487.84,854.71,783.32,7016.4,271.02,0,0,0,0,0,0
109,Parbhani,2010,484.31,1691.58,1209.89,450.77,649.35,1268.18,0,0,655.22,639.61,96.7,60.26,623.16,1073.53,226.92,0,477.85,618.18,194.74,660.53,1571.51,1280.5,8551.24,291,0,0,0,0,0,0
109,Parbhani,2011,347.83,1676.32,1289.12,772.4,928.57,1562.5,0,0,794.47,682.18,82.8,40.58,490.1,955.45,255.32,0,593.91,750,240,645.98,1297.29,1131.77,6730.47,286.79,12.85,7.11,19.96,0.62,1.16,0
109,Parbhani,2012,165,1438.09,1283.89,788.76,723.21,908.38,0,0,655.93,859.89,82.32,45.2,549.08,690.57,228.57,0,646.14,228.57,200,502.5,1657.24,1474.54,7272.69,358.66,1.53,2.45,3.98,0.05,0.7,0
109,Parbhani,2013,428.57,993.88,1058.64,651.88,625,1428.57,0,0,921.23,787.02,97.3,48.2,495.38,1019.23,240.98,0,605.73,166.67,250,527.78,1166.67,1064.26,7114.15,373.72,0,0,0,0,0,0
109,Parbhani,2014,0,721.45,413.13,505.17,95.24,471.7,0,0,2024.41,297.17,77.9,12.8,164.31,906.67,0,0,370.73,196.72,0,214.29,299.35,314.55,5820.33,141.85,0,0,0,0,0,0
109,Parbhani,2015,0,553.03,311.94,223.76,170.21,630.14,0,0,318.8,203.94,107.4,9.55,88.97,586.96,74.56,0,234.18,91.67,0,76.92,358.17,346.68,2806.41,77.89,0,0,0,0,0,0
109,Parbhani,2016,200,1577.67,508.5,953.24,442.25,1311.44,0,0,978.77,1156.81,96.26,50.85,528.25,1098.36,173.45,375,685.57,191.75,250,945.21,1037.34,0,6366.53,686.81,0,0,0,0,0,0
109,Parbhani,2017,0,1046.27,564.94,738.37,356.97,836.09,0,0,825.88,1089.79,107.58,35.31,328.24,1232.09,142.59,0,450,250,352.94,333.33,989.18,0,4178.26,331.95,0,0,0,0,0,0
110,Beed,2002,250,961.17,1209,588.14,838.59,928.57,0,0,492.89,350.31,34.9,20.8,595.99,580.36,321.43,142.86,461.82,250,260.87,436.82,1363.64,593.92,6514.71,120.18,1.9,1.8,3.7,0.4,1,17.5
110,Beed,2003,400,526.72,781.02,269.85,555.12,640,0,0,345.68,224.94,28.7,14.5,505.23,444.44,257.58,171.43,193.13,0,166.67,339.74,1015.69,462.1,3930.56,106.95,1.4,1.3,2.7,0.3,0.7,0
110,Beed,2004,260.87,877.74,602.86,717.96,619.18,1011.32,0,0,530.04,539.5,28,15.28,545.71,651.69,214.29,142.86,508.2,0,155.56,483.33,874.55,567.74,6683.21,195.27,6.8,1.7,8.5,0.3,0.99,0
110,Beed,2005,409.09,1053.86,807.55,592.55,675.9,1676.47,0,0,534.09,990.4,25,12.23,489.2,641.03,257.14,255.56,618.03,0,325.58,523.03,1099.72,708.53,6893.16,197.98,4.6,12.1,16.7,0.3,2.37,0
110,Beed,2006,750,1276.72,1086.61,711.67,837.05,1909.09,0,0,654.14,842.11,30.2,14.74,488.08,689.66,203.7,300,572.03,150,302.33,501.81,819.48,613.66,6683.94,231.27,0,0,0,0,1.22,0
110,Beed,2007,466.67,1451.46,878.29,809.15,718.28,1458.54,0,0,726.09,622.31,35.1,17.61,501.71,672.92,181.82,357.14,370.73,400,289.47,560.67,451.61,455.2,8780.95,260.89,0,0,0,0,2.53,0
110,Beed,2008,400,1231.6,675.29,823.74,726.67,1109.82,0,0,636.36,472.8,14.6,4.81,329.45,670.21,153.85,250,561.9,0,208.33,512.05,203.08,313.12,9156.31,172.66,0,0,0,0,0,0
110,Beed,2009,283.33,1371.64,722.22,832.9,784.66,942.98,0,0,604.46,455.79,19.14,7.42,387.67,731.63,130.77,300,519.74,191.67,235.71,579.09,515.12,519.89,7396.53,228.59,0,0,0,0,0,0
110,Beed,2010,425,1297.8,1296.13,722.43,920.82,1474.74,0,0,702.6,545.67,31.1,23,739.55,722.86,270.83,0,411.48,400,221.43,522.78,1372.44,1130.42,6589.97,259.28,0,0,0,0,0,0
110,Beed,2011,466.67,1325.88,1137.85,690.67,1016.81,1153.49,0,0,610.61,574.7,15.2,12.11,796.71,931.65,289.47,0,305.26,260,212.5,527.78,1545.55,1347.04,6506.53,216.47,8.03,11.07,19.1,0.42,0.69,0
110,Beed,2012,450,976.17,1052.78,258.28,643.98,712.12,0,0,497.99,403.39,16,3.27,204.37,578.43,242.11,0,361.54,225,128.57,411.54,1662.04,1453.66,5480.54,176.2,10.09,3.4,13.5,0.21,1.16,0
110,Beed,2013,600,987.89,1276.24,648.88,1067.16,1263.16,0,0,745.43,668.44,25,13.84,553.6,909.09,333.33,0,1468.57,600,312.5,528,1863.1,1574.01,5581.09,290.46,0,0,0,0,0,0
110,Beed,2014,250,676.82,530.93,538.34,442.17,700,0,0,372.67,168.32,22.1,5.6,253.39,290.32,172.41,0,157.89,212.12,142.86,318.18,351.85,332.85,4583.78,80.82,0,0,0,0,0,0
110,Beed,2015,0,275,291.67,285.82,257.05,313.95,0,0,263.46,161.83,27.9,1.2,43.01,48.91,75.76,0,185.71,0,71.43,85.31,164.02,148.41,2209.42,54.41,0,0,0,0,0,0
110,Beed,2016,700,1682.84,296.84,527.95,643.33,1953.32,0,0,853.64,915.17,32.97,16.68,506.11,390.88,183.6,400,678.95,400,513.16,167.8,782.21,0,4034.33,251.46,0,0,0,0,0,0
110,Beed,2017,461.54,1068.46,695.71,465,590.96,743.82,0,0,603.32,563.71,41.34,16.9,408.83,551.17,151.84,500,432.43,100,333.33,806.33,707.67,0,5749.93,143.48,0,0,0,0,0,0
111,Nanded,2002,634.85,1342.11,1625.95,1006.27,714.29,933.33,0,0,683.73,1009.11,114.1,83.86,734.97,1394.74,282.05,222.22,674.7,228.57,250,730.54,1377.83,995.29,7310.34,99.91,9.3,0.5,9.8,0.1,0.3,2.3
111,Nanded,2003,575.11,1380.95,1305.72,1003.24,500,1250,0,0,688,799.28,109.4,81.2,742.23,1442.86,312.5,300,773.81,0,250,752.87,1274.45,1058.95,7093.66,160.05,10.5,0.2,10.7,0.1,0,0
111,Nanded,2004,500,1218.35,1286.75,852.76,500,1193.33,0,0,501.23,905.3,79.2,39.39,497.35,1100,174.6,500,468.09,0,500,449.54,938.35,802.95,4913.54,142.07,17.1,0.5,17.6,0,0.36,0
111,Nanded,2005,429.49,1015.92,781.49,748.47,1000,1500,0,0,604.21,521.58,84.6,32.6,385.34,1336.84,285.71,300,678.9,0,250,505.75,923.27,847.06,6678.79,96.4,20.6,1.8,22.4,0,1.67,0
111,Nanded,2006,602.56,1244.39,952.97,861.2,0,1883.33,0,0,580.2,703.1,90.6,23.9,263.8,1178.95,180.33,200,539.22,154.55,250,603.05,701.95,677.74,6254.41,101.99,0,0,0,0,0.74,0
111,Nanded,2007,720.69,1519.82,1163.11,870.85,533.33,1861.54,0,0,950.7,777.41,101.8,34.55,339.39,1114.29,246.43,600,782.05,352.94,333.33,867.11,1082.78,1014.3,6800.3,223.34,0,0,0,0,1.72,0
111,Nanded,2008,525,1363.64,946.99,806.57,500,1120,0,0,711.06,476.76,70.7,25.1,355.02,978.26,222.22,600,535.21,0,1000,603.45,795.96,763.4,5801.56,120.76,0,0,0,0,0,0
111,Nanded,2009,266.07,1035.08,732.53,740.54,0,850,0,0,718.18,714.78,84.7,12.03,142.03,988,130.43,0,494.67,200,200,552.69,457.41,463.17,4816.28,130.26,0,0,0,0,0,0
111,Nanded,2010,521.15,1687.35,1055.1,954.11,0,1298.25,0,0,1017.77,590.78,93.81,67.71,721.78,1150,287.1,0,539.29,350,0,654.32,1481.18,1384.03,6040.15,260.11,0,0,0,0,0,0
111,Nanded,2011,375,1737.94,1294.51,940.07,0,1636.36,0,0,781.28,642.41,76.4,42.96,562.3,992.31,217.86,0,573.81,200,0,606.12,1277.38,1213.91,7330.54,271.16,12.82,2.07,14.88,0.03,0.39,0
111,Nanded,2012,522.5,1430.26,1218.01,852.21,0,1437.5,0,0,1206.76,571.94,82.19,58.91,716.75,1098.11,276.92,0,749.25,300,0,642.86,1531.78,1450.69,8186.72,274.4,16.25,1.34,17.59,0.02,0.38,0
111,Nanded,2013,500,1125.96,807.47,732.64,0,1000,0,0,912.71,643.85,81.2,55.5,683.5,1232.88,157.89,0,621.62,200,0,764.71,1287.05,1268.54,8366.39,202.3,0,0,0,0,0,0
111,Nanded,2014,125,739.24,323.9,507.81,0,1000,0,0,501.95,205.31,63.6,11.2,176.1,843.14,71.43,0,290.32,333.33,0,230.77,294.66,304.86,5921.28,92.96,0,0,0,0,0,0
111,Nanded,2015,250,452.91,370.84,377.05,0,945.05,0,0,330.47,187.26,67.6,12.52,185.2,541.67,133.33,0,125,0,0,174.6,315.83,315.88,2816.49,122.8,0,0,0,0,0,0
111,Nanded,2016,1857.14,1249.17,371.58,964.29,0,1883.5,0,0,1593.18,1209.98,80.82,24.7,305.67,873.5,166.14,230.77,953.49,400,375,507.7,333.88,0,5933.38,313.95,0,0,0,0,0,0
111,Nanded,2017,1485.15,997.83,653.87,1053.01,0,1675.89,0,0,1257.42,879.53,69.37,20.91,301.43,686.82,319.71,222.22,755.1,0,400,500,696.16,0,6500,187.31,0,0,0,0,0,0
112,Osmanabad,2002,385.03,1075.1,1340.59,593.58,469.8,679.49,0,0,413.07,578.36,197.8,85,429.73,428.57,216.22,333.33,377.65,0,236.84,479.76,1144.49,478.99,5039.36,102.56,0.9,1.9,2.8,0.3,1.3,19
112,Osmanabad,2003,241.56,473.14,1146.64,167.47,327.34,441.72,0,0,285.71,409.47,191.3,68.5,358.08,229.27,220.69,164.29,251.72,0,215.19,316.37,969.74,525.76,4300,140.54,0.9,1.1,2,0.3,0.6,0
112,Osmanabad,2004,335.94,899.43,899.31,570.53,394.74,904.17,0,0,482.22,651.92,180.6,49.83,275.91,473.45,171.43,333.33,475.86,0,452.05,533.98,678.89,558.56,5347.62,165.83,10.3,3.6,13.9,0.4,2.82,0
112,Osmanabad,2005,417.61,1090.78,1381.07,822.72,452.11,915.66,0,0,704.99,853.89,149.6,66.59,445.12,782.44,231.4,250,629.45,0,301.89,648.78,1384.8,942.2,7323.97,193.67,10.5,3.4,13.9,0.3,2.02,0
112,Osmanabad,2006,398.2,960.92,1108.85,732.37,486.49,1057.5,0,0,614.13,501.23,157.6,20.39,129.38,719.56,151.26,230,563.43,100,283.33,547,334.4,445.92,7428.69,163.64,0,0,0,0,1.84,0
112,Osmanabad,2007,438.36,1354.17,1256.09,883.4,504.96,972,0,0,716.65,1170.31,179.8,69.15,384.59,697.85,201.75,260,687.61,0,304.35,654.97,1190.24,896.31,6455.14,251.79,0,0,0,0,1.62,0
112,Osmanabad,2008,359.55,1111.11,884.14,818.09,452.49,951.71,0,0,701.77,694.75,63.4,9.62,151.74,607.84,170,270,506.88,0,191.78,600.56,412.98,462.88,5977.19,247.06,0,0,0,0,0,0
112,Osmanabad,2009,534.41,1042.39,670.68,816.87,439.81,1074.17,0,0,705.64,1099.94,77.4,13.1,169.25,515.97,183.54,350,478.26,150,223.08,532.64,625.51,567.81,7968.76,270.27,0,0,0,0,0,0
112,Osmanabad,2010,353.71,1185.52,1245.31,747.19,425.84,1056.2,0,0,835.5,962.71,167.01,98.65,590.68,755.21,207.59,0,622.93,280,197.3,645.86,2091.72,1478.76,7137.8,367.59,0,0,0,0,0,0
112,Osmanabad,2011,419.54,1361.11,1225.36,750.4,558.25,1390.85,0,0,797.24,783.98,82.8,49.32,595.65,708.33,259.76,0,552.38,200,243.64,632.09,1613.19,1335.21,6957.19,342.91,21.38,14.79,36.17,0.76,10.19,0
112,Osmanabad,2012,392.42,1062.14,1253.35,448.47,374.76,1023.99,0,0,669.89,891.93,87.25,37.6,430.95,597.12,224.42,0,485.52,216.29,206,442.57,1926.86,1549.02,5359.63,260,8.83,7.79,16.62,0.55,3.44,0
112,Osmanabad,2013,555.56,1390.95,1364.47,860.82,651.96,1597.77,0,0,1184.38,1274.13,160.6,172.7,1075.34,1039.22,261.9,0,639.58,187.5,250,633.18,2128.99,1828.79,5505.43,381.9,0,0,0,0,0,0
112,Osmanabad,2014,190.48,251.05,797.9,346.91,237.62,460.18,0,0,381.88,265.64,81.7,23.2,283.97,344.26,120,0,286.41,200,203.7,278.95,586.01,524.46,4578.65,139.88,0,0,0,0,0,0
112,Osmanabad,2015,90,301.59,434.87,311,160,267.31,0,0,235.46,224.11,55.4,6.7,120.94,199.71,92.59,0,215.75,153.85,166.67,200.45,287,272.53,2899.69,80.75,0,0,0,0,0,0
112,Osmanabad,2016,218.75,1304.09,823.36,886.98,285.71,656.86,0,0,920.44,2545.78,61.89,28.87,466.42,701.03,188.45,352.94,691.21,260.87,300,645.86,690.45,0,4462.86,370.13,0,0,0,0,0,0
112,Osmanabad,2017,291.26,658.17,834.21,728.47,429.82,775.89,0,0,731.47,1043.5,61.7,16.97,275.05,701.12,127.15,214.29,553.85,200,346.71,433.6,1071.23,0,5353.33,214.14,0,0,0,0,0,0
113,Buldhana,2002,1000,1813.15,1584.76,832.54,631.58,2035.02,0,0,546.08,712.54,176.6,68.8,389.58,809.52,241.94,333.33,473.68,200,0,571.43,1251.91,1137.36,6461.54,196.67,4.4,1.6,6,0,1.6,0.2
113,Buldhana,2003,0,1567.21,1655.56,746.54,452.38,2129.15,0,0,422.96,695.8,181.4,114.6,631.75,909.09,322.03,0,500,0,0,461.54,1705.35,1570.6,6920,236.65,4.3,0.8,5.1,0,0.8,0
113,Buldhana,2004,0,690.57,1127.58,416.24,452.38,1228.08,0,0,378.74,615.26,163.5,59.15,361.77,500,189.66,0,315.79,0,0,500,935.55,888.39,8157.14,127.73,3.6,3,6.6,0,3,0
113,Buldhana,2005,0,1034.48,1049.2,551.55,500,1676.7,0,0,650.27,513.16,122,20.76,170.16,750,250,300,482.76,0,0,333.33,526.15,513.46,3866.67,195.75,4.2,3.8,8,0,3.37,0
113,Buldhana,2006,0,1417.53,1416.78,880,486.49,1671.33,0,0,708.28,805.97,117.1,56.25,480.36,1000,220.34,500,641.51,300,0,640,1255.94,1186.45,6800,213.52,0,0,0,0,3.4,0
113,Buldhana,2007,0,1998.31,1863.2,1104.58,540,3158.82,0,0,960.32,993.97,125.3,84,670.39,900,345.45,500,690.48,400,0,691.07,2007.3,1889.75,5903.57,378.53,0,0,0,0,1.45,0
113,Buldhana,2008,0,1476.79,1788.73,1065.69,540.54,2993.62,0,0,754.33,508.39,80.1,10.27,128.21,750,233.33,0,470.59,0,0,548.78,286.25,298.98,5586.36,290.02,0,0,0,0,0,0
113,Buldhana,2009,0,2040.65,1751.8,1232.17,731.43,2184.25,0,0,1241.97,1155.23,82.02,33.81,412.22,1200,319.05,0,952,400,0,605.56,735.39,731.75,6957.14,266,0,0,0,0,0,0
113,Buldhana,2010,0,1723.79,1242.11,997.55,527.78,2429.69,0,0,1060.38,552.86,103.12,68.94,668.54,1037.5,353.33,0,613.64,550,0,672.73,1845.1,1793.11,6100,294.79,0,0,0,0,0,0
113,Buldhana,2011,0,1650.85,1773.65,835.51,636.36,2756.15,0,0,837.42,554.21,89.9,66.66,741.49,1540,245.16,0,700,0,0,630.77,1445.79,1414.58,5833.33,212.88,7.66,8.2,15.86,0.15,5.7,0
113,Buldhana,2012,0,1485.32,1700.48,810.53,1105.26,1783.11,0,0,745.37,521.88,84.2,54.05,641.92,1366.67,166.67,0,1600,500,0,435.71,1539.61,1527.44,4400,231.71,1.02,3.29,4.32,0.13,0.51,0
113,Buldhana,2013,0,1252.54,856.5,804.51,657.14,2616.77,0,0,798.73,701.42,168,114,678.57,1576.92,250,0,0,500,0,571.43,1482.05,1505.35,8100,505.18,0,0,0,0,0,0
113,Buldhana,2014,0,1299.32,1072.82,824.07,176.47,1229.04,0,0,639.86,265.8,26.3,8.5,323.19,1078.95,250,0,500,333.33,0,0,536.45,540.86,6233.33,136.83,0,0,0,0,0,0
113,Buldhana,2015,0,811.98,622.55,563.11,105.26,1149.88,0,0,556.55,333.33,25.43,6.84,269.18,815.79,204.76,0,400,571.43,0,200,455.16,457.71,5000,174.81,0,0,0,0,0,0
113,Buldhana,2016,400,1563.34,1429.21,1161.05,334.93,2208.42,600,0,1118.4,828.16,28.96,22.99,794,1124.26,297.01,400,500,1000,0,420,1927.62,0,6672.9,548.44,0,0,0,0,0,0
113,Buldhana,2017,0,1567.37,920.7,687.78,458.72,2242.37,0,0,814.67,627.18,30.64,17.44,569.25,1348.92,213.11,428.57,1000,500,0,538.46,1187.18,0,5019.46,186.56,0,0,0,0,0,0
114,Akola,2002,636.36,1379.7,1621.4,800,645.83,2000,0,0,676.01,917.9,195,97,497.44,1909.09,216.22,0,576.92,100,0,568.63,1340.66,1253.14,5533.33,163.55,8.9,1.6,10.5,0,1.5,0.6
114,Akola,2003,333.33,1281.55,1684.32,750,461.54,2000,0,0,648.01,869.88,190.8,109.8,575.47,1000,276.6,0,543.48,0,0,447.37,1328.24,1250.16,5670,151.79,11.4,0.7,12.1,0,0.6,0
114,Akola,2004,400,937.5,1199.7,428.57,433.33,1125,0,0,369.61,650.6,166.9,58.27,349.13,666.67,155.56,0,380.95,0,0,527.78,831.35,806.12,5994.44,115.07,7,1.4,8.4,0,1.33,0
114,Akola,2005,333.33,1404.44,1769.34,875,500,1733.33,0,0,757.87,752.08,132.4,37.12,280.36,1461.54,219.05,300,709.68,0,0,696.43,899.88,875.06,6833.33,132.34,10.1,2.3,12.4,0,1.69,0
114,Akola,2006,500,1806.27,2004.44,888.89,555.56,1314.29,0,0,818.51,945.33,134.5,77.08,573.09,1275.86,144.93,300,738.74,375,0,698.63,1327.66,1258.75,6925,320.18,0,0,0,0,1.99,0
114,Akola,2007,800,2429.6,2406.49,1111.11,544.44,3091.89,0,0,828.38,1060.02,164.1,106.05,646.25,1055.56,265.31,333.33,819.28,488.89,0,756.34,1716.89,1638.19,7188.89,355.08,0,0,0,0,1.95,0
114,Akola,2008,1000,1412.7,1934.56,1000,538.46,2880,0,0,485.71,425.83,119.8,13.24,110.52,1125,440,1000,382.35,0,0,553.19,290.19,309.87,5166.67,257.41,0,0,0,0,0,0
114,Akola,2009,1600,2369.43,1590.38,1233.33,710,1885.71,0,0,1296.18,1143.01,102.17,25.51,249.68,1650,389.47,0,800,400,0,495.06,607.54,610.79,7475,275.85,0,0,0,0,0,0
114,Akola,2010,0,2094.81,893.18,1000,454.55,2219.05,0,0,1214.85,782.52,136.93,93.32,681.52,1582.86,413.64,0,393.1,600,0,617.72,1599.34,1559.39,6666.67,294.14,0,0,0,0,0,0
114,Akola,2011,1000,1662.77,2481.3,825,625,2625,0,0,561.35,443.8,121,84.05,694.63,1921.43,356.25,0,608.33,0,0,610.71,1274.01,1267.75,6950,264.52,35.47,3.96,39.43,0.06,1.75,0
114,Akola,2012,0,1657.88,1586.96,800,637.5,1718.45,0,0,843.27,1108.43,132.8,77.21,581.4,2092.31,238.89,0,680,300,0,419.35,1789.38,1778.99,0,309.69,30.39,6.06,36.45,0.02,1.81,0
114,Akola,2013,0,1484.25,577.22,750,666.67,2600,0,0,1173.45,941.44,110.5,28.5,257.92,1600,142.86,0,600,588.24,0,0,915.41,927.54,0,377.12,0,0,0,0,0,0
114,Akola,2014,0,1353.66,1004.44,812.5,200,1222.22,0,0,608.97,349.61,49.7,10.9,219.32,1358.97,100,0,400,0,0,0,360.46,367.3,2900,150.06,0,0,0,0,0,0
114,Akola,2015,0,869.66,695.24,590.91,0,1538.46,0,0,550.72,637.64,47.6,12.7,266.81,918.37,114.75,0,500,0,0,285.71,510.48,512.95,4700,238.92,0,0,0,0,0,0
114,Akola,2016,0,1621.03,1185.19,1130.43,340,2000,0,0,988.8,1537.65,54.94,45.01,819.27,1023.08,239.3,400,600,0,0,855.56,1453.03,0,5358.26,498.19,0,0,0,0,0,0
114,Akola,2017,0,1450.98,724.98,764.56,483.33,2168.26,0,0,927.14,692.83,59.3,22.1,372.63,1520.19,169.43,0,418.75,150,0,413.79,735.58,0,4623.12,252.76,0,0,0,0,0,0
115,Amarawati,2002,654.55,1036.04,1399.42,1000,625,1900,0,0,754.87,952.84,87.1,28.4,326.06,600,208.33,200,526.32,190.48,0,615.38,958.47,922.97,5391.3,148.49,55.1,2.8,57.9,0.1,2.6,0.8
115,Amarawati,2003,588.24,1241.38,1428.14,1000,500,2166.67,0,0,769.44,885.13,80.3,33.9,422.17,850,133.33,353.85,545.45,0,0,357.14,1394.19,1334.72,6212,173.63,58.9,0.5,59.4,0.1,0.3,0
115,Amarawati,2004,437.5,1165.05,955.82,0,571.43,1268.75,0,0,561.83,770.08,69.2,16.4,236.99,1050,200,1000,352.94,0,0,571.43,478.76,482.08,0,143.83,59.5,1.5,61,0.1,1.29,0
115,Amarawati,2005,490.2,1370.59,1315.62,0,333.33,1626.32,0,0,972.97,851.29,67.1,13.92,207.45,1304.35,210.53,0,637.93,0,269.23,655.17,1128.04,1088,6590.91,147.78,53.9,2.7,56.6,0.1,1.57,0
115,Amarawati,2006,541.18,1673.23,1177.4,0,500,1576.47,0,0,773.53,791.4,73.7,20.74,281.41,1478.26,500,0,711.54,700,0,594.59,1493.31,1455.27,5671.43,151.28,0,0,0,0,1.49,0
115,Amarawati,2007,822.22,1890.13,1358.54,0,550,3077.78,0,0,1056.89,1070.75,83.1,30.3,364.62,1036.36,500,500,781.25,700,0,627.12,1699.51,1636.36,7991.67,342.25,0,0,0,0,1.56,0
115,Amarawati,2008,400,1387.67,910.67,0,666.67,2900,0,0,727.85,840.04,51.8,7.1,137.07,555.56,1000,0,409.09,0,0,580.46,332.98,345.56,5487.5,270.89,0,0,0,0,0,0
115,Amarawati,2009,1448.84,1973.02,1072.71,0,800,2221.43,0,0,1186.17,984.23,41.27,14.8,358.61,1135.29,200,0,869.57,400,0,603.17,808.78,802.48,7000,293.03,0,0,0,0,0,0
115,Amarawati,2010,726.32,1926.33,1067.56,1000,666.67,2481.25,0,0,1004.83,526.09,63.76,35.3,553.64,1126.67,383.33,0,485.71,560,0,680.61,1626.31,1562.07,6900,279.81,0,0,0,0,0,0
115,Amarawati,2011,756.1,1811.38,1467.51,833.33,666.67,2783.33,0,0,974.75,854.43,56.6,31.96,564.66,1215.79,288.89,0,600,500,0,656.25,1257.4,1243.08,7175,245.14,65.56,2.39,67.95,0.03,0,0
115,Amarawati,2012,407.89,1980.89,1298.94,0,633.33,1708.33,0,0,1248.57,1075.36,57.9,14.45,249.57,1550,212.5,0,1000,500,0,409.09,1524.49,1516.86,5566.67,543.39,72.79,0,72.79,0.07,1.99,0
115,Amarawati,2013,170.21,1547.62,644.89,0,0,2538.46,0,0,1149.05,1391.89,67.1,14.5,216.1,1578.95,0,0,1000,500,0,500,962.61,970.53,7233.33,610.5,0,0,0,0,0,0
115,Amarawati,2014,301.89,1313.25,1022.39,1000,0,692.31,0,0,793.68,354.53,30.1,4.6,152.82,1327.59,0,0,1000,444.44,0,0,346.2,361.49,4025,179.75,0,0,0,0,0,0
115,Amarawati,2015,214.29,1019.12,728.35,0,0,1400,0,0,792.36,532.35,32,11.3,353.13,1392.41,250,0,0,0,0,0,346.27,368.28,5300,375.3,0,0,0,0,0,0
115,Amarawati,2016,666.67,1520.38,1230.13,0,0,2136.36,0,0,1228.12,1198.35,42.78,29.31,685.29,1326.09,263.16,0,0,500,0,236.36,1332.05,0,2744.19,722.52,0,0,0,0,0,0
115,Amarawati,2017,337.08,1765.9,954.15,0,442.31,2344.14,0,0,1259.87,989.31,38.29,4.95,129.29,1188.35,183.33,400,500,280,0,428.57,923.72,0,3966.94,329.97,0,0,0,0,0,0
116,Yeotmal,2002,648.65,1056.82,1180.77,1000,625,2000,0,0,523.81,1014.14,78.8,29.1,369.29,1545.45,232.14,0,500,100,250,666.67,1359.36,1296.12,6222.22,132.18,11.2,0.9,12.1,0,0.8,0.1
116,Yeotmal,2003,606.06,1181.82,1028.66,0,440,2000,0,0,685.19,804.15,68,36.6,538.24,1057.69,277.78,700,1000,0,333.33,400,1449.44,1362.26,6250,172.85,11.7,0.3,12,0,0.2,0
116,Yeotmal,2004,333.33,980.39,981.76,0,444.44,1000,0,0,496.12,651.46,49.2,12.98,263.82,666.67,162.79,0,1000,0,0,500,536.59,526.99,6653.33,146.24,8.7,0.8,9.5,0,0.66,0
116,Yeotmal,2005,500,993.71,768.7,0,500,2000,0,0,612.47,807.14,41.1,17.55,427.01,1712,500,625,500,0,500,500,1122.82,1129.77,7122.22,147.72,11.9,1.1,13,0,0.69,0
116,Yeotmal,2006,500,1135.95,982.04,0,500,1750,0,0,826.79,979.79,23.1,10.25,443.72,1086.54,160,666.67,500,500,0,1000,1094.74,1084.96,6351.33,202.35,0,0,0,0,0.71,0
116,Yeotmal,2007,666.67,1802.63,1082.01,0,542.86,3000,0,0,847.7,1081.74,27.4,17.15,625.91,1128.57,304.35,0,1000,500,0,1000,1251.01,1239.12,8365.41,411.67,0,0,0,0,0.31,0
116,Yeotmal,2008,400,1084.21,967.74,0,533.33,3000,0,0,739.52,601.16,23.3,3.3,141.63,1033.33,187.5,0,1000,0,0,0,332.58,338.66,5671.43,318.95,0,0,0,0,0,0
116,Yeotmal,2009,1650,1108.89,524.44,0,733.33,2218.18,0,0,646.01,689.79,23.15,5.71,246.65,1391.67,209.09,0,866.67,0,0,0,405.9,409.86,7269.57,219.66,0,0,0,0,0,0
116,Yeotmal,2010,0,1472.42,764.38,1400,538.46,1825,0,0,1155.79,743.34,23.1,13.35,577.92,1246.5,377.78,0,500,0,0,0,1375.82,1366.53,6680,274.91,0,0,0,0,0,0
116,Yeotmal,2011,1000,1714.08,1285.52,1000,750,2780,0,0,1289.66,864.79,19.3,9.97,516.58,1303.23,288.89,0,0,0,0,0,1346.39,1341.05,7031.92,252.11,0.63,1.73,2.35,0.03,0.8,0
116,Yeotmal,2012,400,1789.2,1152.52,800,833.33,888.89,0,0,1185.53,1096.17,17,10.93,642.94,1647.13,214.29,0,0,0,0,0,1643.12,1639.2,8454.76,356.8,0.07,0.9,0.97,0.01,0.14,0
116,Yeotmal,2013,0,889.86,322.98,0,1000,1250,0,0,813.6,736.26,85.9,35,407.45,1250,200,0,0,1000,0,0,548.32,582.24,7549.23,302.83,0,0,0,0,0,0
116,Yeotmal,2014,0,920.96,445.48,825,0,1000,0,0,846.75,228.09,13.5,2.4,177.78,1223.4,0,0,0,444.44,0,0,318.95,346.19,6835.8,122.87,0,0,0,0,0,0
116,Yeotmal,2015,0,1056.18,406.18,559.32,0,882.35,0,0,737.95,522.97,13.7,3.4,248.18,946.15,0,0,0,0,0,0,480.72,500,6679.41,200.99,0,0,0,0,0,0
116,Yeotmal,2016,0,1294.02,451.51,1152.17,440,2147.06,0,0,738.66,1330.98,19.72,10.46,530.63,661.8,248.04,0,1000,0,0,0,1116.21,0,7110.38,469.75,0,0,0,0,0,0
116,Yeotmal,2017,0,1015.62,536.68,754.15,432.43,2041.67,0,0,797.02,971.77,18.42,5.07,275.24,1210.96,200,400,1000,0,0,500,810.61,0,4199.76,182.76,0,0,0,0,0,0
117,Wardha,2002,600,1211.06,918.84,285.71,0,0,0,0,476.19,1476.01,2.9,0.9,310.34,909.09,111.11,0,0,100,333.33,0,1058.82,1049.27,5948.72,161.38,10.3,0.3,10.6,0,0.2,0.3
117,Wardha,2003,666.67,1207.73,983.22,400,0,0,0,0,632.26,1401.14,3,1.3,433.33,904.76,166.67,0,0,0,500,0,1460.87,1447.15,5920.69,228.93,9.7,0.4,10.1,0,0.3,0
117,Wardha,2004,1000,1167.74,896.83,333.33,0,0,0,0,516.43,840,2,0.92,460,884.62,200,0,0,0,1000,500,1033.25,1027.83,4500,219.44,11.5,0.4,11.9,0,0.27,0
117,Wardha,2005,1000,1263.16,808.08,375,0,0,0,0,532.82,1013.36,1.4,0.77,550,1030.3,204.55,1000,0,0,1000,600,1089.43,1084.52,5531.25,186.14,11.7,0.8,12.5,0,0,0
117,Wardha,2006,1000,1482.21,852.56,400,0,2000,0,0,546.93,567.39,1.3,0.77,592.31,1189.19,250,400,0,400,1000,583.33,1205.21,1199.41,6744.12,226.7,0,0,0,0,0.27,0
117,Wardha,2007,900,1714.8,750,500,0,3000,0,0,712.04,1029.76,1.1,0.65,590.91,1302.63,500,500,0,300,1000,800,1332.02,1326.32,5803.64,326.77,0,0,0,0,0.17,0
117,Wardha,2008,0,1302.08,348.84,333.33,0,2000,0,0,535.71,639.11,0.9,0.37,411.11,846.15,1000,0,0,0,0,500,584.63,585.94,3805.26,208.03,0,0,0,0,0,0
117,Wardha,2009,0,1380,462.16,546.15,0,0,0,0,533.08,332.7,0.61,0.39,639.34,1118.18,0,0,0,300,300,0,581.39,584.14,8255.56,232.53,0,0,0,0,0,0
117,Wardha,2010,0,1661.36,490.32,541.67,0,0,0,0,766.3,1070.91,0.4,0.21,525,1678.95,0,0,0,0,300,700,1100,1107.01,6840,234.58,0,0,0,0,0,0
117,Wardha,2011,0,1490.48,728.12,500,0,700,0,0,709.64,980.84,0.9,0.32,355.56,1417.86,300,0,0,0,0,0,870.58,878.14,6602.7,320.8,5.3,2.3,7.6,0.05,0.18,0
117,Wardha,2012,0,1521.1,877.5,1000,0,0,0,0,927,1192.18,0.6,0.4,666.67,1403.57,0,0,0,0,0,0,1067.69,1072.92,8580.95,320.42,13.47,3.23,16.7,0.05,0.45,0
117,Wardha,2013,0,1311.28,233.33,628.57,0,1000,0,0,755.49,674.22,0.5,0.2,400,1468.42,0,0,0,0,0,0,655.71,662.48,5859.37,258.96,0,0,0,0,0,0
117,Wardha,2014,0,1452.55,425,458.33,0,1000,0,0,787.1,263.74,0.4,0,0,1688.52,0,0,0,0,0,0,435.15,481.92,6509.68,159.99,0,0,0,0,0,0
117,Wardha,2015,0,1181.82,511.63,363.64,0,1000,0,0,779.72,372.27,0.3,0,0,1809.09,0,0,0,0,0,0,439.91,539.59,6925.81,258.55,0,0,0,0,0,0
117,Wardha,2016,0,1517.24,500,578.95,0,1538.46,0,0,1141.89,1514.54,0.35,0.41,1163.32,1741.94,200,1000,0,0,0,700,1182.39,0,5972.82,538.05,0,0,0,0,0,0
117,Wardha,2017,0,1478.13,433.33,742.86,0,442.48,0,0,1171.97,1136.68,0.09,0.03,321.84,1201.77,187.5,0,0,0,0,0,1527.99,0,6000.92,450.61,0,0,0,0,0,0
118,Nagpur,2002,967.82,1048.39,939.78,450,0,2000,0,0,557.99,534,9.7,2.8,288.66,689.19,333.33,333.33,0,500,238.1,500,1077.33,1052.9,3769.23,164.85,30.8,0.8,31.6,0.1,0.6,0.2
118,Nagpur,2003,1454.34,1234.29,959.64,370.37,0,2250,0,0,636.6,632.09,11.2,4.8,428.57,909.09,500,200,0,0,416.67,375,1270.02,1240.14,5877.78,264.06,30.9,1,31.9,0.1,0.8,0
118,Nagpur,2004,960.74,1091.2,725.93,458.33,0,1250,0,0,481.39,548.57,8.7,3.15,362.07,521.74,0,500,0,0,294.12,666.67,732.96,723.15,7400,235.46,18.3,0.7,19,0.1,0.54,0
118,Nagpur,2005,1373.36,1111.55,840.11,358.21,0,1750,0,0,620.28,698.66,9.5,3.04,320,898.55,250,550,0,0,333.33,734.94,1051.88,1029.74,0,229.2,21.5,2.6,24.1,0.1,0.56,0
118,Nagpur,2006,1508.55,1161.19,1042.42,536.59,0,1750,0,0,598.5,633.27,9.9,5.02,507.07,970.15,1000,350,0,400,181.82,648.15,1315.37,1281.68,3600,211.56,0,0,0,0,0.15,0
118,Nagpur,2007,1521.13,1455.36,987.33,424.24,0,3000,0,0,744.37,742.75,9.9,5.74,579.8,919.44,1000,500,0,300,380.95,751.52,1366.49,1336.9,7633.33,287.16,0,0,0,0,0.41,0
118,Nagpur,2008,949.57,1130.22,837.21,363.64,0,1500,0,0,600.9,514.89,5.5,2.24,407.27,714.29,1000,350,0,0,333.33,750,848.28,842.91,5750,243.79,0,0,0,0,0,0
118,Nagpur,2009,1146.26,1346.14,747.15,518.18,0,2250,0,0,796.75,932.09,6.9,3.56,515.94,837.7,0,400,0,400,100,600,770.82,768.79,7050,237.74,0,0,0,0,0,0
118,Nagpur,2010,983.22,1538.96,736.43,463.64,0,2500,0,0,866.2,839.45,7.2,3.72,516.67,893.33,350,0,0,600,408.33,853.85,1184.28,1172.34,2066.67,265.1,0,0,0,0,0,0
118,Nagpur,2011,1514.84,1473.54,713.92,704.76,0,700,0,0,884.12,799.82,10.7,5.46,510.28,854.55,300,0,0,600,500,671.43,652.11,653.21,6857.14,236.14,17.99,6.74,24.73,0,0.18,0
118,Nagpur,2012,1497.02,1555.99,829.03,691.3,0,2000,0,0,852.82,733.03,9.5,4.9,515.79,1344.83,400,0,0,108.7,400,445.65,1006.28,1003.34,7366.67,336.13,16.1,18.26,34.37,0.02,0.37,0
118,Nagpur,2013,1352.18,964.04,404.26,833.33,0,1800,0,0,629.01,453.92,14.9,5.9,395.97,710.34,0,0,0,0,400,447.37,429.12,419.47,6666.67,292.97,0,0,0,0,0,0
118,Nagpur,2014,1211.93,1249.72,589.74,363.64,0,1333.33,0,0,695.52,340.32,5.1,1,196.08,600,0,0,0,0,1000,317.07,360.71,361.25,6802.63,242.95,0,0,0,0,0,0
118,Nagpur,2015,1209.7,1014.04,875,428.57,0,1000,0,0,755.19,411.5,3.95,1.21,306.33,1087.18,200,0,0,200,200,250,386.58,399.02,6738.64,229.83,0,0,0,0,0,0
118,Nagpur,2016,1942.99,1711.55,681.82,285.71,0,2187.5,0,0,776.03,2568.82,3.42,1.55,452.85,1558.14,277.78,500,0,1000,0,241.67,1182.71,0,4311.81,725.54,0,0,0,0,0,0
118,Nagpur,2017,1887.43,1807.65,739.13,140,0,492.13,0,0,1158.39,1121.31,2.88,0.87,303.65,1197.1,0,500,0,310,0,431.82,1140.97,0,5199.16,431,0,0,0,0,0,0
119,Bhandara,2002,1077.79,694.44,1000,375,0,2000,0,0,409.09,883.93,19.7,8.02,407.11,666.67,157.89,200,0,333.33,149.43,0,1042.55,561.14,4736.84,0,0,0.8,0.8,0.2,0.5,0.6
119,Bhandara,2003,1539.87,912.41,1000,500,0,2000,0,0,542.86,948.72,31.8,12.4,389.94,1000,190.48,160,0,0,197.8,0,1674.7,806.9,4990,0,0.4,0.6,1,0.2,0.3,0
119,Bhandara,2004,680.92,728.4,0,500,0,1000,0,0,261.9,615.38,17.4,4.31,247.7,1000,150,400,0,0,92.59,0,937.5,568.68,6100,0,6.9,0.9,7.8,0.2,0.54,0
119,Bhandara,2005,1597.51,848.92,0,1000,0,2000,0,0,476.19,780.49,33.6,11.93,355.06,500,300,355.56,0,0,203.95,0,894.12,429.37,3485.71,0,7.3,1.8,9.1,0.2,0.28,0
119,Bhandara,2006,1307.33,871.95,0,1000,0,2000,0,0,584,569.23,27.6,14.32,518.84,1000,200,325,0,600,167.79,1000,837.21,404.92,5805,0,0,0,0,0,0.38,0
119,Bhandara,2007,1738.22,1027.47,0,0,0,3000,0,0,629.87,850,35.1,17.71,504.56,1700,350,540,0,0,196.32,700,1144.44,528.27,5068.18,0,0,0,0,0,0.59,0
119,Bhandara,2008,729.32,806.82,0,0,0,2000,0,0,482.76,585.19,19.5,8.49,435.38,1000,333.33,750,0,0,188.89,1000,1190.48,648.72,4575.86,0,0,0,0,0,0,0
119,Bhandara,2009,1055.63,1000,0,0,0,2200,0,0,570.27,697.71,27.83,10.37,372.62,0,206.67,400,0,0,224.27,0,813.92,464.5,5246.67,0,0,0,0,0,0,0
119,Bhandara,2010,1604.99,1016.9,0,0,0,2300,0,0,647.33,945.39,35.23,14.49,411.3,800,368.75,0,0,0,268.91,800,1722.86,761.21,5413.33,0,0,0,0,0,0,0
119,Bhandara,2011,1732.7,1037.96,0,0,0,700,0,0,640.16,870.32,28.4,11.78,414.79,400,281.25,0,0,0,182.35,0,686.96,360.48,7561.76,0,1.01,4.49,5.5,0.29,0.1,0
119,Bhandara,2012,1982.65,1207.3,0,0,0,1466.67,0,0,526.52,1066.23,35.4,11.72,331.07,900,464.71,0,0,0,252.14,0,807.04,457.28,6706.45,0,0.55,6.9,7.45,0.11,0.35,0
119,Bhandara,2013,1639.96,1080.88,0,0,0,3000,0,0,505.88,630.06,35,15,428.57,1000,210.53,0,0,0,250,0,400,268.04,6400,0,0,0,0,0,0,0
119,Bhandara,2014,1822.56,1115.94,0,0,0,500,0,0,534.56,342.54,30.3,6.6,217.82,0,0,0,0,0,198.35,0,456.79,297.56,7168.29,0,0,0,0,0,0,0
119,Bhandara,2015,1549.14,1022.9,0,0,0,863.64,0,0,427.27,450,32.04,14.44,450.69,0,166.67,0,0,0,294.74,0,136.36,225.27,6522.22,0,0,0,0,0,0,0
119,Bhandara,2016,2268.83,1232.56,0,0,0,1585.31,0,0,621.12,1944.19,32.47,17.85,549.67,500,272.73,400,0,0,171.43,250,1127.12,0,6430.18,0,0,0,0,0,0,0
119,Bhandara,2017,1421.69,1145.07,0,0,0,444.15,0,0,961.04,1066.24,27.77,15.13,545.04,400,192.07,180,0,0,309.09,0,1207.55,0,5900.49,473.68,0,0,0,0,0,0
120,Chandrapur,2002,651.43,598.13,1157.89,299.4,0,1956.52,0,0,354.33,371.93,33.5,13,388.06,2000,184.21,200,0,100,215.83,0,1159.78,1039.88,0,129.38,0,0.9,0.9,0,0.8,0.6
120,Chandrapur,2003,1335.75,623.46,1000,402.44,0,2111.11,0,0,401.61,682.93,59.3,20.7,349.07,1000,195.12,206.67,0,0,234.53,500,1190.82,990.97,0,210.4,0.3,0.3,0.6,0,0.2,0
120,Chandrapur,2004,811.7,561.64,971.96,316.6,0,1240,0,0,352.11,317.52,31.1,8.46,272.03,1000,200,250,0,0,160,500,981.51,869.1,0,165,4.1,1,5.1,0,0.85,0
120,Chandrapur,2005,1539.38,750.82,1306.82,345.86,0,1680,0,0,599.22,417.32,57.4,18.92,329.62,1000,176.47,361.29,0,0,314.61,655.17,1064.93,930.97,0,170.84,3.2,0.9,4.1,0,0,0
120,Chandrapur,2006,1435.15,739.38,1311.69,470.09,0,1769.23,0,0,489.03,458.82,59.6,23.45,393.46,1000,243.9,488.24,0,333.33,237.94,565.22,1225.13,1045.4,0,309.24,0,0,0,0,0.3,0
120,Chandrapur,2007,1528.44,959.89,1254.29,570.68,0,3037.04,0,0,599.46,677.78,57,27.73,486.49,1500,312.5,550,0,300,308.92,750,1377.11,1184.88,0,353.66,0,0,0,0,0.24,0
120,Chandrapur,2008,849.12,915.86,1000,432.1,0,1541.67,0,0,492.16,601.88,35.1,13.3,378.92,1000,333.33,280,0,0,223.02,500,661.76,627.46,0,283,0,0,0,0,0,0
120,Chandrapur,2009,705.87,657.09,677.78,544.83,0,1988.89,0,0,447.48,1102.2,24.09,9.84,408.47,1000,252.17,241.67,0,0,299.19,0,346.15,341.93,0,242.61,0,0,0,0,0,0
120,Chandrapur,2010,1453.65,1068.64,623.81,583.33,0,2325.73,0,0,602.24,874.51,46.9,17.18,366.31,600,322.22,0,0,600,287.31,0,998.27,927.81,0,231.11,0,0,0,0,0,0
120,Chandrapur,2011,1239.02,1222.81,740,426.56,0,1358.82,0,0,578.08,768.84,33.1,9.17,277.04,0,294.44,0,0,500,301.09,0,896.79,846.85,0,270.83,4.37,6.45,10.82,0.39,0.49,0
120,Chandrapur,2012,1557.54,1193.01,951.85,683.05,0,1626.47,0,0,788.09,1347.65,51.3,16.73,326.12,2000,433.33,0,0,100,379.52,0,1028.38,982.38,0,421.63,0.36,3.2,3.56,0.15,0.29,0
120,Chandrapur,2013,1409.52,1122.61,777.78,548.39,0,2740.74,0,0,519.23,847.41,67.8,25.7,379.06,0,125,0,0,0,0,0,625.93,584.31,0,336.92,0,0,0,0,0,0
120,Chandrapur,2014,1060.03,748.03,3964.29,460.32,0,1473.68,0,0,434.65,500,43.2,9.5,219.91,0,0,0,0,0,307.69,0,515.31,501.09,9450,213.21,0,0,0,0,0,0
120,Chandrapur,2015,847.81,775.23,666.67,355.93,0,1380.95,0,0,592.78,646.65,30.41,12.02,395.26,2000,222.22,0,0,0,205.88,0,504.98,492.49,5750,234.91,0,0,0,0,0,0
120,Chandrapur,2016,1790.22,1264.42,370.37,636.36,333.33,2527.23,0,0,515.91,1829.36,44.47,23.91,537.6,700,316.04,500,0,0,217.39,1000,995.48,0,4000,605.15,0,0,0,0,0,0
120,Chandrapur,2017,1010.26,1120.22,590.19,384.62,0,2309.41,0,0,617.02,1303.28,39.41,18.27,463.5,1166.67,208.56,249.69,0,267.72,235.29,727.27,942.51,0,5000,366.76,0,0,0,0,0,0
